timestamp,window_ts,window_time,btc_price,opening_price,btc_delta_pct,up_price,down_price,seconds_remaining,side,true_prob,market_price,edge,kelly_size,action,skip_reason,actual_price,actual_edge,fill_price,slippage
1778111400.03266,1778111100,19:45,81357.03,81350.31,0.0083,0.513,0.487,0.1,,0.0,0.0,0.0,0.0,no_signal,delta_too_small,0.0,0.0,0.0,0.0
1778111583.2882354,1778111400,19:50,81408.28,81357.03,0.063,0.5,0.5,116.7,UP,0.8,0.559,0.241,13.66,traded,,0.55,0.25,0.55,-0.009
1778112000.0210514,1778111700,19:55,81447.01,81440.71,0.0077,0.512,0.488,0.1,,0.0,0.0,0.0,0.0,no_signal,delta_too_small,0.0,0.0,0.0,0.0
1778112300.0811644,1778112000,20:00,81434.52,81447.01,-0.0153,0.476,0.524,0.0,,0.0,0.0,0.0,0.0,no_signal,delta_too_small,0.0,0.0,0.0,0.0
1778112470.1330187,1778112300,20:05,81380.01,81434.52,-0.0669,0.5,0.5,129.9,DOWN,0.8017,0.558,0.2437,16.87,traded,,0.55,0.2517,0.55,-0.008
1778112739.3796823,1778112600,20:10,81487.66,81419.07,0.0842,0.5,0.5,160.6,UP,0.8313,0.558,0.2733,23.18,traded,,0.55,0.2813,0.55,-0.008
1778113030.2342405,1778112900,20:15,81371.52,81426.59,-0.0676,0.5,0.5,169.8,DOWN,0.933,0.545,0.388,25.0,traded,,0.55,0.383,0.55,0.005
1778113260.0634205,1778113200,20:20,81343.43,81405.65,-0.0764,0.5,0.5,239.9,DOWN,0.9228,0.523,0.3998,25.0,traded,,0.55,0.3728,0.55,0.027
1778113759.945699,1778113500,20:25,81237.08,81286.0,-0.0602,0.5,0.5,40.1,DOWN,0.99,0.58,0.41,25.0,traded,,0.55,0.44,0.55,-0.03
1778113965.0710225,1778113800,20:30,81174.01,81227.27,-0.0656,0.5,0.5,134.9,DOWN,0.9484,0.555,0.3934,25.0,traded,,0.55,0.3984,0.55,-0.005
1778114211.6129322,1778114100,20:35,81123.45,81172.43,-0.0603,0.5,0.5,188.4,DOWN,0.8978,0.534,0.3638,25.0,traded,,0.55,0.3478,0.55,0.016
1778114460.0152442,1778114400,20:40,81057.99,81120.0,-0.0764,0.5,0.5,240.0,DOWN,0.9228,0.523,0.3998,25.0,traded,,0.55,0.3728,0.55,0.027
1778114906.528231,1778114700,20:45,81079.63,81027.98,0.0637,0.5,0.5,93.5,UP,0.9715,0.567,0.4045,25.0,traded,,0.55,0.4215,0.55,-0.017
1778115089.204199,1778115000,20:50,81058.0,81108.01,-0.0617,0.5,0.5,210.8,DOWN,0.8899,0.528,0.3619,25.0,traded,,0.55,0.3399,0.55,0.022
1778115360.0861762,1778115300,20:55,81097.01,81022.92,0.0914,0.5,0.5,239.9,UP,0.9558,0.527,0.4288,25.0,traded,,0.55,0.4058,0.55,0.023
1778115681.2890286,1778115600,21:00,80968.26,81016.96,-0.0601,0.5,0.5,218.7,DOWN,0.8797,0.525,0.3547,25.0,traded,,0.55,0.3297,0.55,0.025
1778115973.2428658,1778115900,21:05,80943.96,81010.42,-0.082,0.5,0.5,226.8,DOWN,0.9421,0.53,0.4121,25.0,traded,,0.55,0.3921,0.55,0.02
1778116260.0165014,1778116200,21:10,81134.0,81058.0,0.0938,0.5,0.5,240.0,UP,0.9597,0.528,0.4317,25.0,traded,,0.55,0.4097,0.55,0.022
1778116582.1043713,1778116500,21:15,81098.73,81151.53,-0.0651,0.5,0.5,217.9,DOWN,0.8984,0.527,0.3714,25.0,traded,,0.55,0.3484,0.55,0.023
1778116899.5464017,1778116800,21:20,81028.0,81077.68,-0.0613,0.5,0.5,200.5,DOWN,0.8942,0.531,0.3632,25.0,traded,,0.55,0.3442,0.55,0.019
1778117324.321845,1778117100,21:25,81195.85,81145.48,0.0621,0.5,0.5,75.7,UP,0.9803,0.571,0.4093,25.0,traded,,0.55,0.4303,0.55,-0.021
1778117666.9883852,1778117400,21:30,81160.86,81210.01,-0.0605,0.5,0.5,33.0,DOWN,0.99,0.582,0.408,25.0,traded,,0.55,0.44,0.55,-0.032
1778117767.0035331,1778117700,21:35,81198.01,81142.59,0.0683,0.5,0.5,233.0,UP,0.9018,0.523,0.3788,25.0,traded,,0.55,0.3518,0.55,0.027
1778118300.0834582,1778118000,21:40,81278.6,81260.3,0.0225,0.535,0.465,0.0,,0.0,0.0,0.0,0.0,no_signal,delta_too_small,0.0,0.0,0.0,0.0
1778118600.084829,1778118300,21:45,81272.2,81278.6,-0.0079,0.488,0.512,0.0,,0.0,0.0,0.0,0.0,no_signal,delta_too_small,0.0,0.0,0.0,0.0
1778118660.035756,1778118600,21:50,81212.96,81272.2,-0.0729,0.5,0.5,240.0,DOWN,0.9128,0.522,0.3908,25.0,traded,,0.55,0.3628,0.55,0.028
1778119200.0891132,1778118900,21:55,81167.8,81175.03,-0.0089,0.486,0.514,0.0,,0.0,0.0,0.0,0.0,no_signal,delta_too_small,0.0,0.0,0.0,0.0
1778119332.1484463,1778119200,22:00,81114.16,81167.8,-0.0661,0.5,0.5,167.9,DOWN,0.9296,0.544,0.3856,25.0,traded,,0.55,0.3796,0.55,0.006
1778119770.2486742,1778119500,22:05,81061.38,81111.5,-0.0618,0.5,0.5,29.8,DOWN,0.99,0.585,0.405,25.0,traded,,0.55,0.44,0.55,-0.035
1778119943.9118137,1778119800,22:10,80955.16,81014.84,-0.0737,0.5,0.5,156.1,DOWN,0.9556,0.553,0.4026,25.0,traded,,0.55,0.4056,0.55,-0.003
1778120400.0655913,1778120100,22:15,80911.43,80933.64,-0.0274,0.457,0.543,0.0,,0.0,0.0,0.0,0.0,no_signal,delta_too_small,0.0,0.0,0.0,0.0
1778120591.1927707,1778120400,22:20,80960.67,80911.42,0.0609,0.5,0.5,108.8,UP,0.954,0.559,0.395,25.0,traded,,0.55,0.404,0.55,-0.009
1778121000.0651886,1778120700,22:25,80898.0,80904.99,-0.0086,0.486,0.514,0.0,,0.0,0.0,0.0,0.0,no_signal,delta_too_small,0.0,0.0,0.0,0.0
1778121180.3432243,1778121000,22:30,80960.0,80898.0,0.0766,0.5,0.5,119.7,UP,0.9784,0.569,0.4094,25.0,traded,,0.55,0.4284,0.55,-0.019
1778121369.1373596,1778121300,22:35,80959.53,81013.12,-0.0661,0.5,0.5,230.9,DOWN,0.8956,0.523,0.3726,25.0,traded,,0.55,0.3456,0.55,0.027
1778121900.094502,1778121600,22:40,80967.9,80969.28,-0.0017,0.497,0.503,0.0,,0.0,0.0,0.0,0.0,no_signal,delta_too_small,0.0,0.0,0.0,0.0
1778121960.0802398,1778121900,22:45,81047.78,80967.9,0.0987,0.5,0.5,239.9,UP,0.967,0.529,0.438,25.0,traded,,0.55,0.417,0.55,0.021
1778122500.0971928,1778122200,22:50,81086.03,81052.0,0.042,0.565,0.435,0.0,,0.0,0.0,0.0,0.0,no_signal,delta_too_small,0.0,0.0,0.0,0.0
1778122634.6633294,1778122500,22:55,81141.5,81086.03,0.0684,0.5,0.5,165.3,UP,0.9377,0.547,0.3907,25.0,traded,,0.55,0.3877,0.55,0.003
1778122970.5460722,1778122800,23:00,81058.0,81113.34,-0.0682,0.5,0.5,129.5,DOWN,0.9583,0.559,0.3993,25.0,traded,,0.55,0.4083,0.55,-0.009
1778123325.6737099,1778123100,23:05,81106.01,81056.61,0.0609,0.5,0.5,74.3,UP,0.9794,0.57,0.4094,25.0,traded,,0.55,0.4294,0.55,-0.02
1778123586.3136592,1778123400,23:10,81028.74,81080.32,-0.0636,0.5,0.5,113.7,DOWN,0.9575,0.56,0.3975,25.0,traded,,0.55,0.4075,0.55,-0.01
1778123839.9257343,1778123700,23:15,81072.02,81020.17,0.064,0.5,0.5,160.1,UP,0.9279,0.545,0.3829,25.0,traded,,0.55,0.3779,0.55,0.005
1778124076.8659961,1778124000,23:20,80967.96,81020.01,-0.0642,0.5,0.5,223.1,DOWN,0.8928,0.525,0.3678,25.0,traded,,0.55,0.3428,0.55,0.025
1778124389.5796616,1778124300,23:25,80949.99,80899.99,0.0618,0.5,0.5,210.4,UP,0.8906,0.528,0.3626,25.0,traded,,0.55,0.3406,0.55,0.022
1778124874.0398064,1778124600,23:30,80920.01,80971.54,-0.0636,0.5,0.5,26.0,DOWN,0.99,0.589,0.401,25.0,traded,,0.55,0.44,0.55,-0.039
1778125062.9116154,1778124900,23:35,80975.65,80923.64,0.0643,0.5,0.5,137.1,UP,0.9435,0.553,0.3905,25.0,traded,,0.55,0.3935,0.55,-0.003
1778125500.068641,1778125200,23:40,80980.01,80983.57,-0.0044,0.493,0.507,0.0,,0.0,0.0,0.0,0.0,no_signal,delta_too_small,0.0,0.0,0.0,0.0
1778125704.014877,1778125500,23:45,80930.01,80980.0,-0.0617,0.5,0.5,96.0,DOWN,0.9655,0.564,0.4015,25.0,traded,,0.55,0.4155,0.55,-0.014
1778125860.0483484,1778125800,23:50,81006.0,80954.66,0.0634,0.5,0.5,240.0,UP,0.8814,0.519,0.3624,25.0,traded,,0.55,0.3314,0.55,0.031
1778126160.099351,1778126100,23:55,80884.46,80936.07,-0.0638,0.5,0.5,239.9,DOWN,0.8827,0.519,0.3637,25.0,traded,,0.55,0.3327,0.55,0.031
1778126700.0083294,1778126400,00:00,80816.55,80834.92,-0.0227,0.464,0.536,0.1,,0.0,0.0,0.0,0.0,no_signal,delta_too_small,0.0,0.0,0.0,0.0
1778126986.4343956,1778126700,00:05,80761.56,80816.55,-0.068,0.5,0.5,13.6,DOWN,0.99,0.599,0.391,25.0,traded,,0.55,0.44,0.55,-0.049
1778127060.0825112,1778127000,00:10,80832.87,80771.8,0.0756,0.5,0.5,239.9,UP,0.9206,0.523,0.3976,25.0,traded,,0.55,0.3706,0.55,0.027
1778127429.921821,1778127300,00:15,80922.97,80869.87,0.0657,0.5,0.5,170.1,UP,0.9269,0.543,0.3839,25.0,traded,,0.55,0.3769,0.55,0.007
1778127900.05451,1778127600,00:20,80927.99,80941.75,-0.017,0.473,0.527,0.0,,0.0,0.0,0.0,0.0,no_signal,delta_too_small,0.0,0.0,0.0,0.0
1778128200.0817823,1778127900,00:25,80933.35,80928.0,0.0066,0.51,0.49,0.0,,0.0,0.0,0.0,0.0,no_signal,delta_too_small,0.0,0.0,0.0,0.0
1778128500.0515687,1778128200,00:30,80910.85,80933.35,-0.0278,0.457,0.543,0.0,,0.0,0.0,0.0,0.0,no_signal,delta_too_small,0.0,0.0,0.0,0.0
1778128800.0664642,1778128500,00:35,80889.17,80910.85,-0.0268,0.458,0.542,0.0,,0.0,0.0,0.0,0.0,no_signal,delta_too_small,0.0,0.0,0.0,0.0
1778129100.0500798,1778128800,00:40,80887.12,80889.17,-0.0025,0.496,0.504,0.1,,0.0,0.0,0.0,0.0,no_signal,delta_too_small,0.0,0.0,0.0,0.0
1778129400.1285105,1778129100,00:45,80925.49,80887.12,0.0474,0.573,0.427,0.0,,0.0,0.0,0.0,0.0,no_signal,delta_too_small,0.0,0.0,0.0,0.0
1778129660.3449323,1778129400,00:50,80978.3,80925.49,0.0653,0.5,0.5,39.7,UP,0.99,0.586,0.404,25.0,traded,,0.55,0.44,0.55,-0.036
1778130000.0584898,1778129700,00:55,80979.2,80989.59,-0.0128,0.48,0.52,0.0,,0.0,0.0,0.0,0.0,no_signal,delta_too_small,0.0,0.0,0.0,0.0
1778130060.0947785,1778130000,01:00,81035.16,80979.2,0.0691,0.5,0.5,239.9,UP,0.9011,0.521,0.3801,25.0,traded,,0.55,0.3511,0.55,0.029
1778130450.0691376,1778130300,01:05,81037.88,81087.91,-0.0617,0.5,0.5,149.9,DOWN,0.9271,0.547,0.3801,25.0,traded,,0.55,0.3771,0.55,0.003
1778130740.0518925,1778130600,01:10,81093.5,81037.1,0.0696,0.5,0.5,159.9,UP,0.9439,0.549,0.3949,25.0,traded,,0.55,0.3939,0.55,0.001
1778131200.022653,1778130900,01:15,81141.13,81116.85,0.0299,0.547,0.453,0.1,,0.0,0.0,0.0,0.0,no_signal,delta_too_small,0.0,0.0,0.0,0.0
1778131362.6885998,1778131200,01:20,81091.54,81141.13,-0.0611,0.5,0.5,137.3,DOWN,0.9339,0.551,0.3829,25.0,traded,,0.55,0.3839,0.55,-0.001
1778131800.074673,1778131500,01:25,81102.03,81090.76,0.0139,0.522,0.478,0.0,,0.0,0.0,0.0,0.0,no_signal,delta_too_small,0.0,0.0,0.0,0.0
1778132100.0574956,1778131800,01:30,81050.0,81102.03,-0.0642,0.402,0.598,0.0,,0.0,0.0,0.0,0.0,no_signal,,0.0,0.0,0.0,0.0
1778132400.0641031,1778132100,01:35,81058.0,81050.0,0.0099,0.516,0.484,0.0,,0.0,0.0,0.0,0.0,no_signal,delta_too_small,0.0,0.0,0.0,0.0
1778132700.0310144,1778132400,01:40,81080.11,81058.0,0.0273,0.543,0.457,0.1,,0.0,0.0,0.0,0.0,no_signal,delta_too_small,0.0,0.0,0.0,0.0
1778133000.0849264,1778132700,01:45,81053.7,81080.11,-0.0326,0.449,0.551,0.0,,0.0,0.0,0.0,0.0,no_signal,delta_too_small,0.0,0.0,0.0,0.0
1778133300.0207841,1778133000,01:50,81067.99,81053.71,0.0176,0.528,0.472,0.1,,0.0,0.0,0.0,0.0,no_signal,delta_too_small,0.0,0.0,0.0,0.0
1778133600.0497997,1778133300,01:55,81087.99,81067.99,0.0247,0.539,0.461,0.1,,0.0,0.0,0.0,0.0,no_signal,delta_too_small,0.0,0.0,0.0,0.0
1778133900.0941246,1778133600,02:00,81063.46,81087.99,-0.0303,0.453,0.547,0.0,,0.0,0.0,0.0,0.0,no_signal,delta_too_small,0.0,0.0,0.0,0.0
1778134115.9672582,1778133900,02:05,80995.75,81063.46,-0.0835,0.5,0.5,84.0,DOWN,0.99,0.59,0.4,25.0,traded,,0.55,0.44,0.55,-0.04
1778134262.4327674,1778134200,02:10,80927.77,80977.88,-0.0619,0.5,0.5,237.6,DOWN,0.8768,0.52,0.3568,25.0,traded,,0.55,0.3268,0.55,0.03
1778134560.0540795,1778134500,02:15,80954.68,80899.21,0.0686,0.5,0.5,239.9,UP,0.8993,0.521,0.3783,25.0,traded,,0.55,0.3493,0.55,0.029
1778134928.7310395,1778134800,02:20,81007.34,80955.17,0.0644,0.5,0.5,171.3,UP,0.9224,0.542,0.3804,25.0,traded,,0.55,0.3724,0.55,0.008
1778135400.0399199,1778135100,02:25,81026.48,80978.51,0.0592,0.591,0.409,0.1,,0.0,0.0,0.0,0.0,no_signal,delta_too_small,0.0,0.0,0.0,0.0
1778135504.7581866,1778135400,02:30,81075.54,81026.48,0.0605,0.5,0.5,195.2,UP,0.8945,0.532,0.3625,25.0,traded,,0.55,0.3445,0.55,0.018
1778135804.7184348,1778135700,02:35,81316.63,81262.75,0.0663,0.5,0.5,195.3,UP,0.8557,0.535,0.3207,25.0,traded,,0.55,0.3057,0.55,0.015
1778136060.0417778,1778136000,02:40,81338.95,81276.6,0.0767,0.5,0.5,240.0,UP,0.8674,0.523,0.3444,25.0,traded,,0.55,0.3174,0.55,0.027
1778136379.6846097,1778136300,02:45,81320.43,81369.71,-0.0606,0.5,0.5,220.3,DOWN,0.8205,0.525,0.2955,25.0,traded,,0.55,0.2705,0.55,0.025
1778136736.7551994,1778136600,02:50,81357.85,81308.68,0.0605,0.5,0.5,163.2,UP,0.8598,0.542,0.3178,25.0,traded,,0.55,0.3098,0.55,0.008
1778137179.4012885,1778136900,02:55,81443.21,81387.99,0.0678,0.5,0.5,20.6,UP,0.99,0.596,0.394,25.0,traded,,0.55,0.44,0.55,-0.046
1778137500.0593576,1778137200,03:00,81424.55,81438.61,-0.0173,0.473,0.527,0.0,,0.0,0.0,0.0,0.0,no_signal,delta_too_small,0.0,0.0,0.0,0.0
1778137665.521871,1778137500,03:05,81480.0,81424.55,0.0681,0.5,0.5,134.5,UP,0.9191,0.557,0.3621,25.0,traded,,0.55,0.3691,0.55,-0.007
1778137861.4567964,1778137800,03:10,81478.12,81426.6,0.0633,0.5,0.5,238.5,UP,0.824,0.52,0.304,25.0,traded,,0.55,0.274,0.55,0.03
1778138339.868784,1778138100,03:15,81606.12,81660.09,-0.0661,0.5,0.5,60.1,DOWN,0.9353,0.58,0.3553,25.0,traded,,0.55,0.3853,0.55,-0.03
1778138700.033127,1778138400,03:20,81608.98,81600.72,0.0101,0.516,0.484,0.1,,0.0,0.0,0.0,0.0,no_signal,delta_too_small,0.0,0.0,0.0,0.0
1778138931.9750788,1778138700,03:25,81558.01,81608.98,-0.0625,0.5,0.5,68.0,DOWN,0.9084,0.574,0.3344,25.0,traded,,0.55,0.3584,0.55,-0.024
1778139081.6964011,1778139000,03:30,81619.35,81561.36,0.0711,0.5,0.5,218.3,UP,0.8011,0.529,0.2721,25.0,traded,,0.55,0.2511,0.55,0.021
1778139508.730421,1778139300,03:35,81613.88,81667.67,-0.0659,0.5,0.5,91.3,DOWN,0.9378,0.57,0.3678,25.0,traded,,0.55,0.3878,0.55,-0.02
1778139900.043935,1778139600,03:40,81588.06,81622.14,-0.0418,0.435,0.565,0.1,,0.0,0.0,0.0,0.0,no_signal,delta_too_small,0.0,0.0,0.0,0.0
1778140149.4593835,1778139900,03:45,81530.49,81588.06,-0.0706,0.5,0.5,50.5,DOWN,0.9884,0.589,0.3994,25.0,traded,,0.55,0.4384,0.55,-0.039
1778140446.713681,1778140200,03:50,81480.47,81529.58,-0.0602,0.5,0.5,53.3,DOWN,0.9704,0.576,0.3944,25.0,traded,,0.55,0.4204,0.55,-0.026
1778140750.6777854,1778140500,03:55,81522.27,81469.34,0.065,0.5,0.5,49.3,UP,0.9832,0.583,0.4002,25.0,traded,,0.55,0.4332,0.55,-0.033
1778140860.0496373,1778140800,04:00,81457.99,81518.57,-0.0743,0.5,0.5,240.0,DOWN,0.8646,0.522,0.3426,25.0,traded,,0.55,0.3146,0.55,0.028
1778141360.161015,1778141100,04:05,81588.3,81538.69,0.0608,0.5,0.5,39.8,UP,0.987,0.581,0.406,25.0,traded,,0.55,0.437,0.55,-0.031
1778141460.0674102,1778141400,04:10,81500.34,81583.6,-0.1021,0.5,0.5,239.9,DOWN,0.9437,0.53,0.4137,25.0,traded,,0.55,0.3937,0.55,0.02
1778141921.0287938,1778141700,04:15,81458.16,81508.85,-0.0622,0.5,0.5,79.0,DOWN,0.9783,0.57,0.4083,25.0,traded,,0.55,0.4283,0.55,-0.02
1778142081.8147647,1778142000,04:20,81348.59,81397.98,-0.0607,0.5,0.5,218.2,DOWN,0.8822,0.525,0.3572,25.0,traded,,0.55,0.3322,0.55,0.025
1778142600.0684822,1778142300,04:25,81419.05,81412.23,0.0084,0.513,0.487,0.0,,0.0,0.0,0.0,0.0,no_signal,delta_too_small,0.0,0.0,0.0,0.0
1778142690.1657999,1778142600,04:30,81469.34,81419.05,0.0618,0.5,0.5,209.8,UP,0.8908,0.528,0.3628,25.0,traded,,0.55,0.3408,0.55,0.022
1778143119.7826102,1778142900,04:35,81289.45,81346.26,-0.0698,0.5,0.5,80.2,DOWN,0.9878,0.577,0.4108,25.0,traded,,0.55,0.4378,0.55,-0.027
1778143315.9260287,1778143200,04:40,81275.55,81330.29,-0.0673,0.5,0.5,184.1,DOWN,0.9239,0.539,0.3849,25.0,traded,,0.55,0.3739,0.55,0.011
1778143625.8504643,1778143500,04:45,81206.66,81256.52,-0.0614,0.5,0.5,174.2,DOWN,0.9102,0.539,0.3712,25.0,traded,,0.55,0.3602,0.55,0.011
1778144000.3800426,1778143800,04:50,81309.07,81259.36,0.0612,0.5,0.5,99.6,UP,0.9616,0.562,0.3996,25.0,traded,,0.55,0.4116,0.55,-0.012
1778144172.7617733,1778144100,04:55,81230.72,81279.88,-0.0605,0.5,0.5,227.2,DOWN,0.8766,0.522,0.3546,25.0,traded,,0.55,0.3266,0.55,0.028
1778144460.0541208,1778144400,05:00,81171.62,81231.25,-0.0734,0.5,0.5,239.9,DOWN,0.9143,0.522,0.3923,25.0,traded,,0.55,0.3643,0.55,0.028
1778145000.0890315,1778144700,05:05,81160.83,81134.44,0.0325,0.551,0.449,0.0,,0.0,0.0,0.0,0.0,no_signal,delta_too_small,0.0,0.0,0.0,0.0
1778145300.039961,1778145000,05:10,81179.07,81160.83,0.0225,0.535,0.465,0.1,,0.0,0.0,0.0,0.0,no_signal,delta_too_small,0.0,0.0,0.0,0.0
1778145600.0810356,1778145300,05:15,81181.23,81179.07,0.0027,0.504,0.496,0.0,,0.0,0.0,0.0,0.0,no_signal,delta_too_small,0.0,0.0,0.0,0.0
1778145660.06434,1778145600,05:20,81127.6,81181.23,-0.0661,0.5,0.5,239.9,DOWN,0.8909,0.52,0.3709,25.0,traded,,0.55,0.3409,0.55,0.03
1778146064.7453876,1778145900,05:25,81028.74,81081.99,-0.0657,0.5,0.5,135.3,DOWN,0.9485,0.555,0.3935,25.0,traded,,0.55,0.3985,0.55,-0.005
1778146285.2173934,1778146200,05:30,81088.16,81037.93,0.062,0.5,0.5,214.8,UP,0.8889,0.527,0.3619,25.0,traded,,0.55,0.3389,0.55,0.023
1778146599.1391392,1778146500,05:35,81028.01,81079.44,-0.0634,0.5,0.5,200.9,DOWN,0.9018,0.532,0.3698,25.0,traded,,0.55,0.3518,0.55,0.018
1778146880.0667422,1778146800,05:40,80970.61,80920.01,0.0625,0.5,0.5,219.9,UP,0.8882,0.525,0.3632,25.0,traded,,0.55,0.3382,0.55,0.025
1778147363.2096431,1778147100,05:45,80943.94,80894.63,0.061,0.5,0.5,36.8,UP,0.99,0.582,0.408,25.0,traded,,0.55,0.44,0.55,-0.032
1778147460.104354,1778147400,05:50,80911.07,80960.93,-0.0616,0.5,0.5,239.9,DOWN,0.8745,0.519,0.3555,25.0,traded,,0.55,0.3245,0.55,0.031
1778148000.0889933,1778147700,05:55,80929.0,80940.22,-0.0139,0.478,0.522,0.0,,0.0,0.0,0.0,0.0,no_signal,delta_too_small,0.0,0.0,0.0,0.0
1778148197.8630774,1778148000,06:00,80982.01,80929.0,0.0655,0.5,0.5,102.1,UP,0.9693,0.566,0.4033,25.0,traded,,0.55,0.4193,0.55,-0.016
1778148600.0044248,1778148300,06:05,80955.16,80964.36,-0.0114,0.482,0.518,0.1,,0.0,0.0,0.0,0.0,no_signal,delta_too_small,0.0,0.0,0.0,0.0
1778148711.1980107,1778148600,06:10,80903.42,80955.16,-0.0639,0.5,0.5,188.8,DOWN,0.9103,0.536,0.3743,25.0,traded,,0.55,0.3603,0.55,0.014
1778149035.3885484,1778148900,06:15,80939.39,80882.86,0.0699,0.5,0.5,164.6,UP,0.9421,0.548,0.3941,25.0,traded,,0.55,0.3921,0.55,0.002
1778149474.0863628,1778149200,06:20,80822.0,80872.75,-0.0628,0.5,0.5,25.9,DOWN,0.99,0.587,0.403,25.0,traded,,0.55,0.44,0.55,-0.037
1778149616.7170627,1778149500,06:25,80749.5,80800.0,-0.0625,0.5,0.5,183.3,DOWN,0.9087,0.537,0.3717,25.0,traded,,0.55,0.3587,0.55,0.013
1778149860.0798013,1778149800,06:30,80686.83,80614.46,0.0898,0.5,0.5,239.9,UP,0.9189,0.527,0.3919,25.0,traded,,0.55,0.3689,0.55,0.023
1778150184.7301655,1778150100,06:35,80757.91,80704.77,0.0658,0.5,0.5,215.3,UP,0.8589,0.528,0.3309,25.0,traded,,0.55,0.3089,0.55,0.022
1778150509.3757982,1778150400,06:40,80858.68,80807.03,0.0639,0.5,0.5,190.6,UP,0.8941,0.536,0.3581,25.0,traded,,0.55,0.3441,0.55,0.014
1778150948.7920768,1778150700,06:45,80832.0,80881.08,-0.0607,0.5,0.5,51.2,DOWN,0.99,0.577,0.413,25.0,traded,,0.55,0.44,0.55,-0.027
1778151300.03324,1778151000,06:50,80844.45,80827.09,0.0215,0.534,0.466,0.1,,0.0,0.0,0.0,0.0,no_signal,delta_too_small,0.0,0.0,0.0,0.0
1778151600.090681,1778151300,06:55,80850.75,80844.45,0.0078,0.512,0.488,0.0,,0.0,0.0,0.0,0.0,no_signal,delta_too_small,0.0,0.0,0.0,0.0
1778151767.50262,1778151600,07:00,80909.95,80850.75,0.0732,0.5,0.5,132.5,UP,0.9574,0.562,0.3954,25.0,traded,,0.55,0.4074,0.55,-0.012
1778151960.09518,1778151900,07:05,81017.78,80965.3,0.0648,0.5,0.5,239.9,UP,0.8646,0.52,0.3446,25.0,traded,,0.55,0.3146,0.55,0.03
1778152260.0228002,1778152200,07:10,80924.15,80986.72,-0.0773,0.5,0.5,240.0,DOWN,0.9099,0.523,0.3869,25.0,traded,,0.55,0.3599,0.55,0.027
1778152644.3236783,1778152500,07:15,80890.44,80948.96,-0.0723,0.5,0.5,155.7,DOWN,0.9377,0.553,0.3847,25.0,traded,,0.55,0.3877,0.55,-0.003
1778153041.3458207,1778152800,07:20,80950.09,80901.09,0.0606,0.5,0.5,58.7,UP,0.9862,0.574,0.4122,25.0,traded,,0.55,0.4362,0.55,-0.024
1778153201.3274162,1778153100,07:25,80940.01,80991.97,-0.0642,0.5,0.5,198.7,DOWN,0.8957,0.533,0.3627,25.0,traded,,0.55,0.3457,0.55,0.017
1778153510.3115506,1778153400,07:30,80949.97,80896.88,0.0656,0.5,0.5,189.7,UP,0.9155,0.537,0.3785,25.0,traded,,0.55,0.3655,0.55,0.013
1778154000.0648985,1778153700,07:35,80984.0,80964.53,0.024,0.538,0.462,0.0,,0.0,0.0,0.0,0.0,no_signal,delta_too_small,0.0,0.0,0.0,0.0
1778154300.037066,1778154000,07:40,80984.01,80983.99,0.0,0.5,0.5,0.1,,0.0,0.0,0.0,0.0,no_signal,delta_too_small,0.0,0.0,0.0,0.0
1778154503.0378485,1778154300,07:45,80932.69,80984.01,-0.0634,0.5,0.5,97.0,DOWN,0.9684,0.565,0.4034,25.0,traded,,0.55,0.4184,0.55,-0.015
1778154660.0112946,1778154600,07:50,80807.01,80866.8,-0.0739,0.5,0.5,240.0,DOWN,0.9159,0.522,0.3939,25.0,traded,,0.55,0.3659,0.55,0.028
1778155200.094339,1778154900,07:55,80866.65,80859.5,0.0088,0.514,0.486,0.0,,0.0,0.0,0.0,0.0,no_signal,delta_too_small,0.0,0.0,0.0,0.0
1778155397.5212088,1778155200,08:00,80919.65,80866.65,0.0655,0.5,0.5,102.5,UP,0.9692,0.566,0.4032,25.0,traded,,0.55,0.4192,0.55,-0.016
1778155600.561242,1778155500,08:05,80930.78,80980.89,-0.0619,0.5,0.5,199.4,DOWN,0.897,0.532,0.365,25.0,traded,,0.55,0.347,0.55,0.018
1778155897.1304977,1778155800,08:10,81029.22,80978.37,0.0628,0.5,0.5,202.9,UP,0.8984,0.531,0.3674,25.0,traded,,0.55,0.3484,0.55,0.019
1778156239.4788039,1778156100,08:15,81030.0,81080.0,-0.0617,0.5,0.5,160.5,DOWN,0.92,0.544,0.376,25.0,traded,,0.55,0.37,0.55,0.006
1778156700.0383954,1778156400,08:20,81006.0,80992.55,0.0166,0.526,0.474,0.1,,0.0,0.0,0.0,0.0,no_signal,delta_too_small,0.0,0.0,0.0,0.0
1778156801.3536215,1778156700,08:25,81061.22,81006.0,0.0682,0.5,0.5,198.6,UP,0.9187,0.535,0.3837,25.0,traded,,0.55,0.3687,0.55,0.015
1778157300.0986679,1778157000,08:30,81042.0,81062.0,-0.0247,0.461,0.539,0.0,,0.0,0.0,0.0,0.0,no_signal,delta_too_small,0.0,0.0,0.0,0.0
1778157600.0161922,1778157300,08:35,81059.99,81042.0,0.0222,0.535,0.465,0.1,,0.0,0.0,0.0,0.0,no_signal,delta_too_small,0.0,0.0,0.0,0.0
1778157900.0324993,1778157600,08:40,81065.46,81059.99,0.0067,0.511,0.489,0.1,,0.0,0.0,0.0,0.0,no_signal,delta_too_small,0.0,0.0,0.0,0.0
1778158200.0785904,1778157900,08:45,81057.96,81065.46,-0.0093,0.485,0.515,0.0,,0.0,0.0,0.0,0.0,no_signal,delta_too_small,0.0,0.0,0.0,0.0
1778158367.908774,1778158200,08:50,81107.04,81057.96,0.0605,0.5,0.5,132.1,UP,0.9358,0.552,0.3838,25.0,traded,,0.55,0.3858,0.55,-0.002
1778158627.6409268,1778158500,08:55,81109.89,81160.84,-0.0628,0.5,0.5,172.4,DOWN,0.9163,0.541,0.3753,25.0,traded,,0.55,0.3663,0.55,0.009
1778158860.0817344,1778158800,09:00,81089.81,81162.01,-0.089,0.5,0.5,239.9,DOWN,0.9513,0.526,0.4253,25.0,traded,,0.55,0.4013,0.55,0.024
1778159219.8723207,1778159100,09:05,81057.99,81108.12,-0.0618,0.5,0.5,180.1,DOWN,0.9081,0.538,0.3701,25.0,traded,,0.55,0.3581,0.55,0.012
1778159599.833115,1778159400,09:10,80971.57,81022.21,-0.0625,0.5,0.5,100.2,DOWN,0.9643,0.564,0.4003,25.0,traded,,0.55,0.4143,0.55,-0.014
1778159760.0352077,1778159700,09:15,80880.01,80931.73,-0.0639,0.5,0.5,240.0,DOWN,0.8832,0.519,0.3642,25.0,traded,,0.55,0.3332,0.55,0.031
1778160109.3610182,1778160000,09:20,81108.1,81053.12,0.0678,0.5,0.5,190.6,UP,0.9219,0.538,0.3839,25.0,traded,,0.55,0.3719,0.55,0.012
1778160360.079136,1778160300,09:25,81006.31,81095.68,-0.1102,0.5,0.5,239.9,DOWN,0.98,0.532,0.448,25.0,traded,,0.55,0.43,0.55,0.018
1778160665.2880552,1778160600,09:30,80910.0,80964.26,-0.067,0.5,0.5,234.7,DOWN,0.8967,0.522,0.3747,25.0,traded,,0.55,0.3467,0.55,0.028
1778160983.0570366,1778160900,09:35,80766.01,80815.21,-0.0609,0.5,0.5,216.9,DOWN,0.8632,0.526,0.3372,25.0,traded,,0.55,0.3132,0.55,0.024
1778161267.4313054,1778161200,09:40,80641.53,80694.27,-0.0654,0.5,0.5,232.6,DOWN,0.8736,0.522,0.3516,25.0,traded,,0.55,0.3236,0.55,0.028
1778161560.0586095,1778161500,09:45,80493.32,80579.17,-0.1065,0.5,0.5,239.9,DOWN,0.9764,0.531,0.4454,25.0,traded,,0.55,0.4264,0.55,0.019
1778161879.7471745,1778161800,09:50,80275.0,80324.67,-0.0618,0.5,0.5,220.3,DOWN,0.8226,0.525,0.2976,25.0,traded,,0.55,0.2726,0.55,0.025
1778162197.1922345,1778162100,09:55,80536.14,80482.92,0.0661,0.5,0.5,202.8,UP,0.8418,0.533,0.3088,25.0,traded,,0.55,0.2918,0.55,0.017
1778162662.0239215,1778162400,10:00,80454.99,80503.68,-0.0605,0.5,0.5,38.0,DOWN,0.9866,0.581,0.4056,25.0,traded,,0.55,0.4366,0.55,-0.031
1778162951.3594828,1778162700,10:05,80489.15,80438.61,0.0628,0.5,0.5,48.6,UP,0.9804,0.58,0.4004,25.0,traded,,0.55,0.4304,0.55,-0.03
1778163064.7826893,1778163000,10:10,80562.0,80509.99,0.0646,0.5,0.5,235.2,UP,0.8298,0.521,0.3088,25.0,traded,,0.55,0.2798,0.55,0.029
1778163360.2167919,1778163300,10:15,80612.86,80670.47,-0.0714,0.5,0.5,239.8,DOWN,0.8474,0.522,0.3254,25.0,traded,,0.55,0.2974,0.55,0.028
1778163865.1270027,1778163600,10:20,80518.9,80467.46,0.0639,0.5,0.5,34.9,UP,0.9874,0.586,0.4014,25.0,traded,,0.55,0.4374,0.55,-0.036
1778163960.0125551,1778163900,10:25,80452.49,80525.3,-0.0904,0.5,0.5,240.0,DOWN,0.8919,0.527,0.3649,25.0,traded,,0.55,0.3419,0.55,0.023
1778164271.0839553,1778164200,10:30,80352.19,80400.5,-0.0601,0.5,0.5,228.9,DOWN,0.8,0.522,0.278,25.0,traded,,0.55,0.25,0.55,0.028
1778164632.3212037,1778164500,10:35,80148.27,80198.83,-0.063,0.5,0.5,167.7,DOWN,0.8365,0.542,0.2945,25.0,traded,,0.55,0.2865,0.55,0.008
1778164873.721036,1778164800,10:40,80080.65,80139.51,-0.0734,0.5,0.5,226.3,DOWN,0.8273,0.527,0.3003,25.0,traded,,0.55,0.2773,0.55,0.023
1778165201.8632958,1778165100,10:45,80205.32,80148.0,0.0715,0.5,0.5,198.1,UP,0.8134,0.537,0.2764,25.0,traded,,0.55,0.2634,0.55,0.013
1778165467.198087,1778165400,10:50,80270.02,80215.05,0.0685,0.5,0.5,232.8,UP,0.8241,0.523,0.3011,25.0,traded,,0.55,0.2741,0.55,0.027
1778165812.932693,1778165700,10:55,80206.21,80260.01,-0.067,0.5,0.5,187.1,DOWN,0.8489,0.538,0.3109,25.0,traded,,0.55,0.2989,0.55,0.012
1778166060.0659246,1778166000,11:00,80102.74,80171.38,-0.0856,0.5,0.5,239.9,DOWN,0.8911,0.525,0.3661,25.0,traded,,0.55,0.3411,0.55,0.025
1778166360.0916388,1778166300,11:05,80084.61,80139.49,-0.0685,0.5,0.5,239.9,DOWN,0.8296,0.521,0.3086,25.0,traded,,0.55,0.2796,0.55,0.029
1778166663.3941374,1778166600,11:10,80220.0,80268.7,-0.0607,0.5,0.5,236.6,DOWN,0.8009,0.52,0.2809,25.0,traded,,0.55,0.2509,0.55,0.03
1778167087.8182626,1778166900,11:15,80110.46,80162.33,-0.0647,0.5,0.5,112.2,DOWN,0.9145,0.562,0.3525,25.0,traded,,0.55,0.3645,0.55,-0.012
1778167260.0172284,1778167200,11:20,79930.07,79980.21,-0.0627,0.5,0.5,240.0,DOWN,0.8294,0.519,0.3104,25.0,traded,,0.55,0.2794,0.55,0.031
1778167567.339139,1778167500,11:25,79895.19,79834.87,0.0756,0.5,0.5,232.7,UP,0.8746,0.526,0.3486,25.0,traded,,0.55,0.3246,0.55,0.024
1778167860.1015525,1778167800,11:30,79899.99,79849.99,0.0626,0.5,0.5,239.9,UP,0.8103,0.519,0.2913,25.0,traded,,0.55,0.2603,0.55,0.031
1778168177.0042346,1778168100,11:35,80034.0,79976.96,0.0713,0.5,0.5,223.0,UP,0.8854,0.528,0.3574,25.0,traded,,0.55,0.3354,0.55,0.022
1778168565.0349357,1778168400,11:40,80017.37,79968.06,0.0617,0.5,0.5,135.0,UP,0.8943,0.552,0.3423,25.0,traded,,0.55,0.3443,0.55,-0.002
1778168767.6503303,1778168700,11:45,80020.7,79972.02,0.0609,0.5,0.5,232.4,UP,0.8244,0.521,0.3034,25.0,traded,,0.55,0.2744,0.55,0.029
1778169482.7322617,1778169300,11:55,79900.0,79958.85,-0.0736,0.5,0.5,117.3,DOWN,0.8367,0.568,0.2687,15.55,traded,,0.55,0.2867,0.55,-0.018
1778169803.6013093,1778169600,12:00,79934.29,79885.61,0.0609,0.5,0.5,96.4,UP,0.8148,0.563,0.2518,18.07,traded,,0.55,0.2648,0.55,-0.013
1778170006.5675323,1778169900,12:05,79784.8,79850.0,-0.0817,0.5,0.5,193.4,DOWN,0.8016,0.543,0.2586,12.63,traded,,0.55,0.2516,0.55,0.007
1778170283.849317,1778170200,12:10,79772.64,79841.11,-0.0858,0.5,0.5,216.2,DOWN,0.8001,0.536,0.2641,15.65,traded,,0.55,0.2501,0.55,0.014
1778170560.0563862,1778170500,12:15,79757.64,79837.61,-0.1002,0.5,0.5,239.9,DOWN,0.8247,0.529,0.2957,21.28,traded,,0.55,0.2747,0.55,0.021
1778170860.0216358,1778170800,12:20,79824.11,79747.98,0.0955,0.5,0.5,240.0,UP,0.8131,0.528,0.2851,25.0,traded,,0.55,0.2631,0.55,0.022
1778171160.0254009,1778171100,12:25,79957.56,79909.49,0.0602,0.5,0.5,240.0,UP,0.8162,0.518,0.2982,25.0,traded,,0.55,0.2662,0.55,0.032
1778171657.9081175,1778171400,12:30,79936.44,79987.42,-0.0637,0.5,0.5,42.1,DOWN,0.99,0.583,0.407,25.0,traded,,0.55,0.44,0.55,-0.033
1778171760.0790246,1778171700,12:35,79822.45,79893.23,-0.0886,0.5,0.5,239.9,DOWN,0.9368,0.526,0.4108,25.0,traded,,0.55,0.3868,0.55,0.024
1778172188.8222985,1778172000,12:40,79861.65,79813.33,0.0605,0.5,0.5,111.2,UP,0.9489,0.558,0.3909,25.0,traded,,0.55,0.3989,0.55,-0.008
1778172453.5830793,1778172300,12:45,79943.98,79891.0,0.0663,0.5,0.5,146.4,UP,0.9432,0.552,0.3912,25.0,traded,,0.55,0.3932,0.55,-0.002
1778172678.1448364,1778172600,12:50,79859.51,79908.53,-0.0613,0.5,0.5,221.9,DOWN,0.8828,0.524,0.3588,25.0,traded,,0.55,0.3328,0.55,0.026
1778173008.7452426,1778172900,12:55,79820.79,79870.76,-0.0626,0.5,0.5,191.3,DOWN,0.9042,0.535,0.3692,25.0,traded,,0.55,0.3542,0.55,0.015
1778173369.0918517,1778173200,13:00,79857.61,79801.08,0.0708,0.5,0.5,130.9,UP,0.9631,0.56,0.4031,25.0,traded,,0.55,0.4131,0.55,-0.01
1778173592.5064352,1778173500,13:05,79881.81,79832.83,0.0614,0.5,0.5,207.5,UP,0.8906,0.529,0.3616,25.0,traded,,0.55,0.3406,0.55,0.021
1778174100.0859663,1778173800,13:10,79891.88,79846.77,0.0565,0.587,0.413,0.0,,0.0,0.0,0.0,0.0,no_signal,delta_too_small,0.0,0.0,0.0,0.0
1778174200.905531,1778174100,13:15,79838.43,79891.88,-0.0669,0.5,0.5,199.1,DOWN,0.9145,0.534,0.3805,25.0,traded,,0.55,0.3645,0.55,0.016
1778174523.118282,1778174400,13:20,79779.82,79731.96,0.06,0.5,0.5,176.9,UP,0.8994,0.538,0.3614,25.0,traded,,0.55,0.3494,0.55,0.012
1778174760.0163658,1778174700,13:25,79754.87,79867.55,-0.1411,0.5,0.5,240.0,DOWN,0.99,0.538,0.452,25.0,traded,,0.55,0.44,0.55,0.012
1778175060.0457246,1778175000,13:30,79734.37,79685.71,0.0611,0.5,0.5,240.0,UP,0.8376,0.519,0.3186,25.0,traded,,0.55,0.2876,0.55,0.031
1778175428.0565553,1778175300,13:35,79824.26,79774.18,0.0628,0.5,0.5,171.9,UP,0.8846,0.541,0.3436,25.0,traded,,0.55,0.3346,0.55,0.009
1778175697.5952063,1778175600,13:40,79911.45,79863.38,0.0602,0.5,0.5,202.4,UP,0.8547,0.53,0.3247,25.0,traded,,0.55,0.3047,0.55,0.02
1778175983.0372999,1778175900,13:45,79928.85,79880.01,0.0611,0.5,0.5,217.0,UP,0.8379,0.526,0.3119,25.0,traded,,0.55,0.2879,0.55,0.024
1778176284.6835153,1778176200,13:50,79923.27,79869.99,0.0667,0.5,0.5,215.3,UP,0.857,0.529,0.328,25.0,traded,,0.55,0.307,0.55,0.021
1778176593.1483655,1778176500,13:55,79990.0,79932.68,0.0717,0.5,0.5,206.9,UP,0.8828,0.534,0.3488,25.0,traded,,0.55,0.3328,0.55,0.016
1778176860.0663106,1778176800,14:00,80150.81,80094.53,0.0703,0.5,0.5,239.9,UP,0.8403,0.521,0.3193,25.0,traded,,0.55,0.2903,0.55,0.029
1778177176.4329886,1778177100,14:05,80189.17,80140.0,0.0614,0.5,0.5,223.6,UP,0.8195,0.524,0.2955,25.0,traded,,0.55,0.2695,0.55,0.026
1778177685.7888758,1778177400,14:10,80167.31,80118.43,0.061,0.5,0.5,14.2,UP,0.99,0.589,0.401,25.0,traded,,0.55,0.44,0.55,-0.039
1778178000.0118082,1778177700,14:15,80170.0,80159.72,0.0128,0.52,0.48,0.1,,0.0,0.0,0.0,0.0,no_signal,delta_too_small,0.0,0.0,0.0,0.0
1778178300.022339,1778178000,14:20,80197.93,80170.0,0.0348,0.554,0.446,0.1,,0.0,0.0,0.0,0.0,no_signal,delta_too_small,0.0,0.0,0.0,0.0
1778178574.841842,1778178300,14:25,80149.73,80197.93,-0.0601,0.5,0.5,25.3,DOWN,0.99,0.584,0.406,25.0,traded,,0.55,0.44,0.55,-0.034
1778178660.0078382,1778178600,14:30,80192.46,80126.04,0.0829,0.5,0.5,240.0,UP,0.9388,0.525,0.4138,25.0,traded,,0.55,0.3888,0.55,0.025
1778179027.5867174,1778178900,14:35,80231.9,80183.59,0.0602,0.5,0.5,172.4,UP,0.9073,0.539,0.3683,25.0,traded,,0.55,0.3573,0.55,0.011
1778179326.736924,1778179200,14:40,80186.31,80235.54,-0.0614,0.5,0.5,173.3,DOWN,0.9108,0.54,0.3708,25.0,traded,,0.55,0.3608,0.55,0.01
1778179740.4300678,1778179500,14:45,80072.09,80125.99,-0.0673,0.5,0.5,59.6,DOWN,0.99,0.582,0.408,25.0,traded,,0.55,0.44,0.55,-0.032
1778179890.6985004,1778179800,14:50,80017.32,80067.4,-0.0625,0.5,0.5,209.3,DOWN,0.894,0.529,0.365,25.0,traded,,0.55,0.344,0.55,0.021
1778180160.0483062,1778180100,14:55,80225.11,80113.39,0.1395,0.5,0.5,240.0,UP,0.99,0.538,0.452,25.0,traded,,0.55,0.44,0.55,0.012
1778180489.9173305,1778180400,15:00,80150.58,80200.59,-0.0624,0.5,0.5,210.1,DOWN,0.8929,0.529,0.3639,25.0,traded,,0.55,0.3429,0.55,0.021
1778181000.0716617,1778180700,15:05,80100.03,80080.83,0.024,0.538,0.462,0.0,,0.0,0.0,0.0,0.0,no_signal,delta_too_small,0.0,0.0,0.0,0.0
1778181159.061196,1778181000,15:10,80151.93,80100.03,0.0648,0.5,0.5,140.9,UP,0.9424,0.552,0.3904,25.0,traded,,0.55,0.3924,0.55,-0.002
1778181472.4877217,1778181300,15:15,80124.29,80172.4,-0.06,0.5,0.5,127.5,DOWN,0.9375,0.553,0.3845,25.0,traded,,0.55,0.3875,0.55,-0.003
1778181856.6005738,1778181600,15:20,79971.95,80019.99,-0.06,0.5,0.5,43.4,DOWN,0.99,0.579,0.411,25.0,traded,,0.55,0.44,0.55,-0.029
1778182200.0818772,1778181900,15:25,79972.66,79965.84,0.0085,0.513,0.487,0.0,,0.0,0.0,0.0,0.0,no_signal,delta_too_small,0.0,0.0,0.0,0.0
1778182262.724666,1778182200,15:30,80035.21,79972.66,0.0782,0.5,0.5,237.3,UP,0.9286,0.525,0.4036,25.0,traded,,0.55,0.3786,0.55,0.025
1778182649.9047341,1778182500,15:35,80103.1,80053.96,0.0614,0.5,0.5,150.1,UP,0.926,0.547,0.379,25.0,traded,,0.55,0.376,0.55,0.003
1778183082.546437,1778182800,15:40,80130.43,80181.78,-0.064,0.5,0.5,17.5,DOWN,0.99,0.592,0.398,25.0,traded,,0.55,0.44,0.55,-0.042
1778183400.0182514,1778183100,15:45,80141.9,80129.12,0.0159,0.525,0.475,0.1,,0.0,0.0,0.0,0.0,no_signal,delta_too_small,0.0,0.0,0.0,0.0
1778183460.0066264,1778183400,15:50,80193.42,80141.9,0.0643,0.5,0.5,240.0,UP,0.8845,0.52,0.3645,25.0,traded,,0.55,0.3345,0.55,0.03
1778183847.6600513,1778183700,15:55,80118.72,80062.93,0.0697,0.5,0.5,152.3,UP,0.9484,0.552,0.3964,25.0,traded,,0.55,0.3984,0.55,-0.002
1778184117.164029,1778184000,16:00,80195.51,80144.0,0.0643,0.5,0.5,182.8,UP,0.915,0.538,0.377,25.0,traded,,0.55,0.365,0.55,0.012
1778184424.1485426,1778184300,16:05,80206.11,80260.08,-0.0672,0.5,0.5,175.9,DOWN,0.9284,0.542,0.3864,25.0,traded,,0.55,0.3784,0.55,0.008
1778184852.672132,1778184600,16:10,80157.0,80207.14,-0.0625,0.5,0.5,47.3,DOWN,0.99,0.58,0.41,25.0,traded,,0.55,0.44,0.55,-0.03
1778185200.0371907,1778184900,16:15,80124.46,80144.88,-0.0255,0.46,0.54,0.1,,0.0,0.0,0.0,0.0,no_signal,delta_too_small,0.0,0.0,0.0,0.0
1778185500.0778053,1778185200,16:20,80151.06,80124.46,0.0332,0.552,0.448,0.0,,0.0,0.0,0.0,0.0,no_signal,delta_too_small,0.0,0.0,0.0,0.0
1778185800.04702,1778185500,16:25,80178.25,80151.06,0.0339,0.553,0.447,0.1,,0.0,0.0,0.0,0.0,no_signal,delta_too_small,0.0,0.0,0.0,0.0
1778185860.0545483,1778185800,16:30,80113.39,80178.25,-0.0809,0.5,0.5,239.9,DOWN,0.9342,0.524,0.4102,25.0,traded,,0.55,0.3842,0.55,0.026
1778186246.186556,1778186100,16:35,80026.53,80076.48,-0.0624,0.5,0.5,153.8,DOWN,0.9267,0.546,0.3807,25.0,traded,,0.55,0.3767,0.55,0.004
1778186700.036828,1778186400,16:40,79970.0,79935.84,0.0427,0.566,0.434,0.1,,0.0,0.0,0.0,0.0,no_signal,delta_too_small,0.0,0.0,0.0,0.0
1778187000.050726,1778186700,16:45,80001.38,79970.0,0.0392,0.561,0.439,0.1,,0.0,0.0,0.0,0.0,no_signal,delta_too_small,0.0,0.0,0.0,0.0
1778187238.5587227,1778187000,16:50,79953.34,80001.38,-0.06,0.5,0.5,61.4,DOWN,0.9865,0.573,0.4135,25.0,traded,,0.55,0.4365,0.55,-0.023
1778187456.048863,1778187300,16:55,79896.0,79946.04,-0.0626,0.5,0.5,144.0,DOWN,0.934,0.55,0.384,25.0,traded,,0.55,0.384,0.55,0.0
1778187732.8707514,1778187600,17:00,79826.88,79879.99,-0.0665,0.5,0.5,167.1,DOWN,0.9312,0.545,0.3862,25.0,traded,,0.55,0.3812,0.55,0.005
1778188016.2649584,1778187900,17:05,79793.87,79845.61,-0.0648,0.5,0.5,183.7,DOWN,0.9162,0.538,0.3782,25.0,traded,,0.55,0.3662,0.55,0.012
1778188291.3387697,1778188200,17:10,79722.25,79672.83,0.062,0.5,0.5,208.7,UP,0.8863,0.529,0.3573,25.0,traded,,0.55,0.3363,0.55,0.021
1778188560.0653172,1778188500,17:15,79743.63,79792.7,-0.0615,0.5,0.5,239.9,DOWN,0.8556,0.519,0.3366,25.0,traded,,0.55,0.3056,0.55,0.031
1778189100.064648,1778188800,17:20,79866.78,79870.06,-0.0041,0.494,0.506,0.0,,0.0,0.0,0.0,0.0,no_signal,delta_too_small,0.0,0.0,0.0,0.0
1778189244.27818,1778189100,17:25,79919.69,79866.78,0.0662,0.5,0.5,155.7,UP,0.9216,0.548,0.3736,25.0,traded,,0.55,0.3716,0.55,0.002
1778189700.0733259,1778189400,17:30,79905.54,79919.7,-0.0177,0.472,0.528,0.0,,0.0,0.0,0.0,0.0,no_signal,delta_too_small,0.0,0.0,0.0,0.0
1778190000.0864146,1778189700,17:35,79885.11,79905.54,-0.0256,0.46,0.54,0.0,,0.0,0.0,0.0,0.0,no_signal,delta_too_small,0.0,0.0,0.0,0.0
1778190187.8958287,1778190000,17:40,79835.56,79885.11,-0.062,0.5,0.5,112.1,DOWN,0.9533,0.559,0.3943,25.0,traded,,0.55,0.4033,0.55,-0.009
1778190399.9605074,1778190300,17:45,79828.1,79776.69,0.0644,0.5,0.5,200.0,UP,0.8969,0.533,0.3639,25.0,traded,,0.55,0.3469,0.55,0.017
1778190756.3535838,1778190600,17:50,79785.75,79835.78,-0.0627,0.5,0.5,143.6,DOWN,0.9305,0.55,0.3805,25.0,traded,,0.55,0.3805,0.55,0.0
1778191200.0234277,1778190900,17:55,79735.01,79793.41,-0.0732,0.39,0.61,0.1,,0.0,0.0,0.0,0.0,no_signal,,0.0,0.0,0.0,0.0
1778191260.0872571,1778191200,18:00,79680.27,79735.01,-0.0687,0.5,0.5,239.9,DOWN,0.8932,0.521,0.3722,25.0,traded,,0.55,0.3432,0.55,0.029
1778191560.0401235,1778191500,18:05,79616.62,79698.94,-0.1033,0.5,0.5,240.0,DOWN,0.9696,0.53,0.4396,25.0,traded,,0.55,0.4196,0.55,0.02
1778191884.591873,1778191800,18:10,79706.72,79658.82,0.0601,0.5,0.5,215.4,UP,0.8815,0.526,0.3555,25.0,traded,,0.55,0.3315,0.55,0.024
1778192185.9069693,1778192100,18:15,79874.48,79816.94,0.0721,0.5,0.5,214.1,UP,0.9225,0.531,0.3915,25.0,traded,,0.55,0.3725,0.55,0.019
1778192469.5857136,1778192400,18:20,79951.96,79900.0,0.065,0.5,0.5,230.4,UP,0.8919,0.523,0.3689,25.0,traded,,0.55,0.3419,0.55,0.027
1778193000.0905886,1778192700,18:25,79903.32,79947.97,-0.0558,0.414,0.586,0.0,,0.0,0.0,0.0,0.0,no_signal,delta_too_small,0.0,0.0,0.0,0.0
1778193251.7497346,1778193000,18:30,79844.09,79903.32,-0.0741,0.5,0.5,48.4,DOWN,0.99,0.594,0.396,25.0,traded,,0.55,0.44,0.55,-0.044
1778193360.0718966,1778193300,18:35,79801.58,79750.01,0.0647,0.5,0.5,239.9,UP,0.8859,0.52,0.3659,25.0,traded,,0.55,0.3359,0.55,0.03
1778193805.9278297,1778193600,18:40,79882.81,79833.69,0.0615,0.5,0.5,94.1,UP,0.9664,0.564,0.4024,25.0,traded,,0.55,0.4164,0.55,-0.014
1778194173.1250718,1778193900,18:45,79888.8,79839.15,0.0622,0.5,0.5,26.9,UP,0.99,0.586,0.404,25.0,traded,,0.55,0.44,0.55,-0.036
1778194433.336473,1778194200,18:50,79931.04,79880.78,0.0629,0.5,0.5,66.7,UP,0.9869,0.575,0.4119,25.0,traded,,0.55,0.4369,0.55,-0.025
1778194800.0977592,1778194500,18:55,79919.01,79913.99,0.0063,0.51,0.49,0.0,,0.0,0.0,0.0,0.0,no_signal,delta_too_small,0.0,0.0,0.0,0.0
1778195100.0728142,1778194800,19:00,79958.27,79919.01,0.0491,0.576,0.424,0.0,,0.0,0.0,0.0,0.0,no_signal,delta_too_small,0.0,0.0,0.0,0.0
1778195368.803696,1778195100,19:05,80006.26,79958.27,0.06,0.5,0.5,31.2,UP,0.99,0.582,0.408,25.0,traded,,0.55,0.44,0.55,-0.032
1778195641.3717132,1778195400,19:10,79955.46,80006.27,-0.0635,0.5,0.5,58.6,DOWN,0.9892,0.578,0.4112,25.0,traded,,0.55,0.4392,0.55,-0.028
1778195878.7566314,1778195700,19:15,79910.32,79958.3,-0.06,0.5,0.5,121.2,DOWN,0.9422,0.555,0.3872,25.0,traded,,0.55,0.3922,0.55,-0.005
1778196060.0188353,1778196000,19:20,79927.06,79871.98,0.069,0.5,0.5,240.0,UP,0.9006,0.521,0.3796,25.0,traded,,0.55,0.3506,0.55,0.029
1778196476.786905,1778196300,19:25,79985.28,79936.21,0.0614,0.5,0.5,123.2,UP,0.9448,0.555,0.3898,25.0,traded,,0.55,0.3948,0.55,-0.005
1778196900.1003377,1778196600,19:30,79923.69,79958.29,-0.0433,0.433,0.567,0.0,,0.0,0.0,0.0,0.0,no_signal,delta_too_small,0.0,0.0,0.0,0.0
1778197038.7143502,1778196900,19:35,79974.17,79923.69,0.0632,0.5,0.5,161.3,UP,0.9245,0.545,0.3795,25.0,traded,,0.55,0.3745,0.55,0.005
1778197500.0150518,1778197200,19:40,80011.99,79995.43,0.0207,0.532,0.468,0.1,,0.0,0.0,0.0,0.0,no_signal,delta_too_small,0.0,0.0,0.0,0.0
1778197800.018101,1778197500,19:45,80040.78,80011.99,0.036,0.556,0.444,0.1,,0.0,0.0,0.0,0.0,no_signal,delta_too_small,0.0,0.0,0.0,0.0
1778198100.0371566,1778197800,19:50,80016.05,80040.78,-0.0309,0.452,0.548,0.1,,0.0,0.0,0.0,0.0,no_signal,delta_too_small,0.0,0.0,0.0,0.0
1778198400.0039208,1778198100,19:55,80006.0,80016.05,-0.0126,0.48,0.52,0.1,,0.0,0.0,0.0,0.0,no_signal,delta_too_small,0.0,0.0,0.0,0.0
1778198675.8491855,1778198400,20:00,80055.55,80006.0,0.0619,0.5,0.5,24.2,UP,0.99,0.587,0.403,25.0,traded,,0.55,0.44,0.55,-0.037
1778198940.8950262,1778198700,20:05,80115.0,80042.36,0.0908,0.5,0.5,59.1,UP,0.99,0.607,0.383,25.0,traded,,0.55,0.44,0.55,-0.057
1778199300.054647,1778199000,20:10,80086.43,80075.54,0.0136,0.521,0.479,0.0,,0.0,0.0,0.0,0.0,no_signal,delta_too_small,0.0,0.0,0.0,0.0
1778199439.1658378,1778199300,20:15,80037.12,80086.43,-0.0616,0.5,0.5,160.8,DOWN,0.9195,0.544,0.3755,25.0,traded,,0.55,0.3695,0.55,0.006
1778199660.0460308,1778199600,20:20,80050.97,80101.14,-0.0626,0.5,0.5,240.0,DOWN,0.8784,0.519,0.3594,25.0,traded,,0.55,0.3284,0.55,0.031
1778199960.0608838,1778199900,20:25,80076.09,80131.83,-0.0696,0.5,0.5,239.9,DOWN,0.9026,0.521,0.3816,25.0,traded,,0.55,0.3526,0.55,0.029
1778200500.0728033,1778200200,20:30,80000.01,80020.63,-0.0258,0.46,0.54,0.0,,0.0,0.0,0.0,0.0,no_signal,delta_too_small,0.0,0.0,0.0,0.0
1778200691.5049732,1778200500,20:35,79951.39,80000.0,-0.0608,0.5,0.5,108.5,DOWN,0.9539,0.559,0.3949,25.0,traded,,0.55,0.4039,0.55,-0.009
1778201100.1005058,1778200800,20:40,79935.0,79926.17,0.011,0.517,0.483,0.0,,0.0,0.0,0.0,0.0,no_signal,delta_too_small,0.0,0.0,0.0,0.0
1778201173.2132564,1778201100,20:45,79886.35,79935.0,-0.0609,0.5,0.5,226.8,DOWN,0.8783,0.523,0.3553,25.0,traded,,0.55,0.3283,0.55,0.027
1778201508.2417996,1778201400,20:50,79821.11,79870.71,-0.0621,0.5,0.5,191.8,DOWN,0.9023,0.534,0.3683,25.0,traded,,0.55,0.3523,0.55,0.016
1778201987.553126,1778201700,20:55,79824.37,79776.31,0.0602,0.5,0.5,12.4,UP,0.99,0.588,0.402,25.0,traded,,0.55,0.44,0.55,-0.038
1778202060.0165684,1778202000,21:00,79893.5,79831.99,0.077,0.5,0.5,240.0,UP,0.9245,0.523,0.4015,25.0,traded,,0.55,0.3745,0.55,0.027
1778202423.9148207,1778202300,21:05,79816.01,79864.76,-0.061,0.5,0.5,176.1,DOWN,0.9079,0.539,0.3689,25.0,traded,,0.55,0.3579,0.55,0.011
1778202828.8259828,1778202600,21:10,79744.5,79797.69,-0.0667,0.5,0.5,71.2,DOWN,0.9887,0.577,0.4117,25.0,traded,,0.55,0.4387,0.55,-0.027
1778202960.0571594,1778202900,21:15,79641.22,79702.52,-0.0769,0.5,0.5,239.9,DOWN,0.9241,0.523,0.4011,25.0,traded,,0.55,0.3741,0.55,0.027
1778203260.060652,1778203200,21:20,79727.15,79777.93,-0.0637,0.5,0.5,239.9,DOWN,0.8822,0.519,0.3632,25.0,traded,,0.55,0.3322,0.55,0.031
1778203789.4618342,1778203500,21:25,79746.71,79697.05,0.0623,0.5,0.5,10.5,UP,0.99,0.592,0.398,25.0,traded,,0.55,0.44,0.55,-0.042
1778203961.0892277,1778203800,21:30,79801.89,79748.88,0.0665,0.5,0.5,138.9,UP,0.9482,0.554,0.3942,25.0,traded,,0.55,0.3982,0.55,-0.004
1778204168.9414327,1778204100,21:35,79739.37,79789.99,-0.0634,0.5,0.5,231.1,DOWN,0.8859,0.522,0.3639,25.0,traded,,0.55,0.3359,0.55,0.028
1778204700.0376756,1778204400,21:40,79779.9,79805.04,-0.0315,0.451,0.549,0.1,,0.0,0.0,0.0,0.0,no_signal,delta_too_small,0.0,0.0,0.0,0.0
1778204819.1069815,1778204700,21:45,79835.29,79779.9,0.0694,0.5,0.5,180.9,UP,0.9319,0.542,0.3899,25.0,traded,,0.55,0.3819,0.55,0.008
1778205300.0302968,1778205000,21:50,79758.83,79771.38,-0.0157,0.475,0.525,0.1,,0.0,0.0,0.0,0.0,no_signal,delta_too_small,0.0,0.0,0.0,0.0
1778205600.067124,1778205300,21:55,79740.01,79758.83,-0.0236,0.463,0.537,0.0,,0.0,0.0,0.0,0.0,no_signal,delta_too_small,0.0,0.0,0.0,0.0
1778205689.5035405,1778205600,22:00,79687.83,79740.01,-0.0654,0.5,0.5,210.5,DOWN,0.9035,0.53,0.3735,25.0,traded,,0.55,0.3535,0.55,0.02
1778205986.237198,1778205900,22:05,79577.86,79628.27,-0.0633,0.5,0.5,213.8,DOWN,0.8943,0.528,0.3663,25.0,traded,,0.55,0.3443,0.55,0.022
1778206307.8853207,1778206200,22:10,79629.29,79581.4,0.0602,0.5,0.5,192.1,UP,0.895,0.533,0.362,25.0,traded,,0.55,0.345,0.55,0.017
1778206614.2874978,1778206500,22:15,79583.99,79635.05,-0.0641,0.5,0.5,185.7,DOWN,0.9128,0.537,0.3758,25.0,traded,,0.55,0.3628,0.55,0.013
1778206860.0675747,1778206800,22:20,79464.44,79380.49,0.1058,0.5,0.5,239.9,UP,0.9158,0.531,0.3848,25.0,traded,,0.55,0.3658,0.55,0.019
1778207400.045284,1778207100,22:25,79485.63,79500.69,-0.0189,0.47,0.53,0.1,,0.0,0.0,0.0,0.0,no_signal,delta_too_small,0.0,0.0,0.0,0.0
1778207540.725862,1778207400,22:30,79535.73,79485.63,0.063,0.5,0.5,159.3,UP,0.8315,0.545,0.2865,25.0,traded,,0.55,0.2815,0.55,0.005
1778207767.643666,1778207700,22:35,79584.4,79646.64,-0.0781,0.5,0.5,232.4,DOWN,0.8207,0.526,0.2947,25.0,traded,,0.55,0.2707,0.55,0.024
1778208300.0733414,1778208000,22:40,79520.0,79536.92,-0.0213,0.467,0.533,0.0,,0.0,0.0,0.0,0.0,no_signal,delta_too_small,0.0,0.0,0.0,0.0
1778208367.8438623,1778208300,22:45,79579.75,79520.0,0.0751,0.5,0.5,232.2,UP,0.8139,0.526,0.2879,25.0,traded,,0.55,0.2639,0.55,0.024
1778208688.8810725,1778208600,22:50,79551.26,79605.79,-0.0685,0.5,0.5,211.1,DOWN,0.8132,0.531,0.2822,25.0,traded,,0.55,0.2632,0.55,0.019
1778208986.1631386,1778208900,22:55,79464.32,79515.97,-0.065,0.5,0.5,213.8,DOWN,0.8109,0.528,0.2829,25.0,traded,,0.55,0.2609,0.55,0.022
1778209260.0425904,1778209200,23:00,79420.01,79488.47,-0.0861,0.5,0.5,240.0,DOWN,0.8677,0.526,0.3417,25.0,traded,,0.55,0.3177,0.55,0.024
1778209560.0762823,1778209500,23:05,79338.85,79274.61,0.081,0.5,0.5,239.9,UP,0.8245,0.524,0.3005,25.0,traded,,0.55,0.2745,0.55,0.026
1778209860.024456,1778209800,23:10,79450.0,79356.62,0.1177,0.5,0.5,240.0,UP,0.9165,0.533,0.3835,25.0,traded,,0.55,0.3665,0.55,0.017
1778210167.0049195,1778210100,23:15,79525.0,79469.99,0.0692,0.5,0.5,233.0,UP,0.8002,0.523,0.2772,25.0,traded,,0.55,0.2502,0.55,0.027
1778210700.0077076,1778210400,23:20,79593.99,79568.07,0.0326,0.551,0.449,0.1,,0.0,0.0,0.0,0.0,no_signal,delta_too_small,0.0,0.0,0.0,0.0
1778210834.1861851,1778210700,23:25,79544.64,79593.99,-0.062,0.5,0.5,165.8,DOWN,0.8633,0.542,0.3213,25.0,traded,,0.55,0.3133,0.55,0.008
1778211220.3697999,1778211000,23:30,79629.85,79579.48,0.0633,0.5,0.5,79.6,UP,0.9465,0.571,0.3755,25.0,traded,,0.55,0.3965,0.55,-0.021
1778213100.016872,1778212800,00:00,79621.49,79610.39,0.0139,0.522,0.478,0.1,,0.0,0.0,0.0,0.0,no_signal,delta_too_small,0.0,0.0,0.0,0.0
1778213400.0388277,1778213100,00:05,79642.97,79621.49,0.027,0.542,0.458,0.1,,0.0,0.0,0.0,0.0,no_signal,delta_too_small,0.0,0.0,0.0,0.0
1778213566.3320982,1778213400,00:10,79698.0,79642.97,0.0691,0.5,0.5,133.7,UP,0.8058,0.558,0.2478,3.32,traded,,0.55,0.2558,0.55,-0.008
1778214000.0915036,1778213700,00:15,79726.1,79723.66,0.0031,0.505,0.495,0.0,,0.0,0.0,0.0,0.0,no_signal,delta_too_small,0.0,0.0,0.0,0.0
1778214300.0299628,1778214000,00:20,79713.15,79726.1,-0.0162,0.474,0.526,0.1,,0.0,0.0,0.0,0.0,no_signal,delta_too_small,0.0,0.0,0.0,0.0
1778214600.000757,1778214300,00:25,79729.75,79713.15,0.0208,0.533,0.467,0.1,,0.0,0.0,0.0,0.0,no_signal,delta_too_small,0.0,0.0,0.0,0.0
1778214826.980746,1778214600,00:30,79680.01,79729.75,-0.0624,0.5,0.5,73.0,DOWN,0.9825,0.572,0.4105,5.0,traded,,0.55,0.4325,0.55,-0.022
1778215200.0993867,1778214900,00:35,79625.26,79657.17,-0.0401,0.438,0.562,0.0,,0.0,0.0,0.0,0.0,no_signal,delta_too_small,0.0,0.0,0.0,0.0
1778215274.43652,1778215200,00:40,79576.92,79625.26,-0.0607,0.5,0.5,225.6,DOWN,0.8784,0.523,0.3554,5.0,traded,,0.55,0.3284,0.55,0.027
1778215605.2170827,1778215500,00:45,79615.65,79567.34,0.0607,0.5,0.5,194.8,UP,0.8954,0.533,0.3624,5.0,traded,,0.55,0.3454,0.55,0.017
1778216084.0153317,1778215800,00:50,79674.37,79625.01,0.062,0.5,0.5,16.0,UP,0.99,0.59,0.4,5.0,traded,,0.55,0.44,0.55,-0.04
1778216400.0085084,1778216100,00:55,79655.23,79670.13,-0.0187,0.471,0.529,0.1,,0.0,0.0,0.0,0.0,no_signal,delta_too_small,0.0,0.0,0.0,0.0
1778216655.225888,1778216400,01:00,79602.99,79655.23,-0.0656,0.5,0.5,44.8,DOWN,0.99,0.585,0.405,5.0,traded,,0.55,0.44,0.55,-0.035
1778217000.0401285,1778216700,01:05,79639.54,79658.5,-0.0238,0.463,0.537,0.1,,0.0,0.0,0.0,0.0,no_signal,delta_too_small,0.0,0.0,0.0,0.0
1778217300.0693247,1778217000,01:10,79639.68,79639.54,0.0002,0.5,0.5,0.0,,0.0,0.0,0.0,0.0,no_signal,delta_too_small,0.0,0.0,0.0,0.0
1778217600.0607762,1778217300,01:15,79605.36,79639.68,-0.0431,0.433,0.567,0.0,,0.0,0.0,0.0,0.0,no_signal,delta_too_small,0.0,0.0,0.0,0.0
1778217900.0663662,1778217600,01:20,79613.17,79605.36,0.0098,0.515,0.485,0.0,,0.0,0.0,0.0,0.0,no_signal,delta_too_small,0.0,0.0,0.0,0.0
1778218200.0245507,1778217900,01:25,79627.64,79613.18,0.0182,0.529,0.471,0.1,,0.0,0.0,0.0,0.0,no_signal,delta_too_small,0.0,0.0,0.0,0.0
1778218260.0664675,1778218200,01:30,79699.99,79627.64,0.0909,0.5,0.5,239.9,UP,0.9548,0.527,0.4278,5.0,traded,,0.55,0.4048,0.55,0.023
1778218800.0805147,1778218500,01:35,79713.02,79691.23,0.0273,0.543,0.457,0.0,,0.0,0.0,0.0,0.0,no_signal,delta_too_small,0.0,0.0,0.0,0.0
1778219100.063784,1778218800,01:40,79751.95,79713.02,0.0488,0.575,0.425,0.0,,0.0,0.0,0.0,0.0,no_signal,delta_too_small,0.0,0.0,0.0,0.0
1778219247.7905257,1778219100,01:45,79700.9,79751.95,-0.064,0.5,0.5,152.2,DOWN,0.9329,0.548,0.3849,5.0,traded,,0.55,0.3829,0.55,0.002
1778219700.0616665,1778219400,01:50,79675.49,79687.21,-0.0147,0.477,0.523,0.0,,0.0,0.0,0.0,0.0,no_signal,delta_too_small,0.0,0.0,0.0,0.0
1778219921.2885683,1778219700,01:55,79623.86,79675.49,-0.0648,0.5,0.5,78.7,DOWN,0.9825,0.573,0.4095,5.0,traded,,0.55,0.4325,0.55,-0.023
1778220060.0882852,1778220000,02:00,79464.02,79600.01,-0.1708,0.5,0.5,239.9,DOWN,0.99,0.544,0.446,5.0,traded,,0.55,0.44,0.55,0.006
1778220360.0936852,1778220300,02:05,79479.69,79536.63,-0.0716,0.5,0.5,239.9,DOWN,0.9089,0.522,0.3869,5.0,traded,,0.55,0.3589,0.55,0.028
1778220761.254044,1778220600,02:10,79568.58,79513.61,0.0691,0.5,0.5,138.7,UP,0.9549,0.556,0.3989,5.0,traded,,0.55,0.4049,0.55,-0.006
1778221045.3830245,1778220900,02:15,79653.99,79603.77,0.0631,0.5,0.5,154.6,UP,0.9285,0.547,0.3815,5.0,traded,,0.55,0.3785,0.55,0.003
1778221500.0268633,1778221200,02:20,79577.78,79592.97,-0.0191,0.47,0.53,0.1,,0.0,0.0,0.0,0.0,no_signal,delta_too_small,0.0,0.0,0.0,0.0
1778221800.0231092,1778221500,02:25,79546.8,79577.78,-0.0389,0.439,0.561,0.1,,0.0,0.0,0.0,0.0,no_signal,delta_too_small,0.0,0.0,0.0,0.0
1778221937.4612176,1778221800,02:30,79495.5,79546.8,-0.0645,0.5,0.5,162.5,DOWN,0.9279,0.545,0.3829,5.0,traded,,0.55,0.3779,0.55,0.005
1778222160.0472887,1778222100,02:35,79411.53,79471.01,-0.0748,0.5,0.5,240.0,DOWN,0.9185,0.523,0.3955,5.0,traded,,0.55,0.3685,0.55,0.027
1778222700.0100918,1778222400,02:40,79535.0,79552.12,-0.0215,0.466,0.534,0.1,,0.0,0.0,0.0,0.0,no_signal,delta_too_small,0.0,0.0,0.0,0.0
1778223000.0573983,1778222700,02:45,79508.8,79535.0,-0.0329,0.449,0.551,0.0,,0.0,0.0,0.0,0.0,no_signal,delta_too_small,0.0,0.0,0.0,0.0
1778223300.0241373,1778223000,02:50,79520.0,79508.8,0.0141,0.522,0.478,0.1,,0.0,0.0,0.0,0.0,no_signal,delta_too_small,0.0,0.0,0.0,0.0
1778223600.0502326,1778223300,02:55,79525.76,79520.0,0.0072,0.511,0.489,0.1,,0.0,0.0,0.0,0.0,no_signal,delta_too_small,0.0,0.0,0.0,0.0
1778223660.1014798,1778223600,03:00,79473.91,79525.76,-0.0652,0.5,0.5,239.9,DOWN,0.8878,0.52,0.3678,5.0,traded,,0.55,0.3378,0.55,0.03
1778223976.7027466,1778223900,03:05,79380.93,79429.54,-0.0612,0.5,0.5,223.3,DOWN,0.8814,0.524,0.3574,5.0,traded,,0.55,0.3314,0.55,0.026
1778224500.000433,1778224200,03:10,79318.27,79388.79,-0.0888,0.369,0.631,0.1,,0.0,0.0,0.0,0.0,no_signal,,0.0,0.0,0.0,0.0
1778224597.6555815,1778224500,03:15,79368.74,79318.27,0.0636,0.5,0.5,202.3,UP,0.9017,0.532,0.3697,5.0,traded,,0.55,0.3517,0.55,0.018
1778225051.6411018,1778224800,03:20,79291.28,79339.96,-0.0614,0.5,0.5,48.4,DOWN,0.99,0.579,0.411,5.0,traded,,0.55,0.44,0.55,-0.029
1778225379.1766934,1778225100,03:25,79328.65,79280.38,0.0609,0.5,0.5,20.8,UP,0.99,0.587,0.403,5.0,traded,,0.55,0.44,0.55,-0.037
1778225460.0445654,1778225400,03:30,79411.45,79350.32,0.077,0.5,0.5,240.0,UP,0.9244,0.523,0.4014,5.0,traded,,0.55,0.3744,0.55,0.027
1778225851.0101619,1778225700,03:35,79537.11,79488.84,0.0607,0.5,0.5,149.0,UP,0.9245,0.547,0.3775,5.0,traded,,0.55,0.3745,0.55,0.003
1778226103.9665685,1778226000,03:40,79582.64,79532.94,0.0625,0.5,0.5,196.0,UP,0.9012,0.533,0.3682,5.0,traded,,0.55,0.3512,0.55,0.017
1778226533.0677238,1778226300,03:45,79630.55,79580.84,0.0625,0.5,0.5,66.9,UP,0.9862,0.574,0.4122,5.0,traded,,0.55,0.4362,0.55,-0.024
1778226900.0328863,1778226600,03:50,79704.92,79674.99,0.0376,0.558,0.442,0.1,,0.0,0.0,0.0,0.0,no_signal,delta_too_small,0.0,0.0,0.0,0.0
1778227074.3399925,1778226900,03:55,79646.8,79704.92,-0.0729,0.5,0.5,125.7,DOWN,0.9698,0.564,0.4058,5.0,traded,,0.55,0.4198,0.55,-0.014
1778227500.0957162,1778227200,04:00,79712.45,79682.4,0.0377,0.559,0.441,0.0,,0.0,0.0,0.0,0.0,no_signal,delta_too_small,0.0,0.0,0.0,0.0
1778227800.0021005,1778227500,04:05,79708.79,79712.45,-0.0046,0.493,0.507,0.1,,0.0,0.0,0.0,0.0,no_signal,delta_too_small,0.0,0.0,0.0,0.0
1778228100.0724874,1778227800,04:10,79724.63,79708.79,0.0199,0.531,0.469,0.0,,0.0,0.0,0.0,0.0,no_signal,delta_too_small,0.0,0.0,0.0,0.0
1778228400.0811007,1778228100,04:15,79740.25,79724.63,0.0196,0.531,0.469,0.0,,0.0,0.0,0.0,0.0,no_signal,delta_too_small,0.0,0.0,0.0,0.0
1778228700.0190167,1778228400,04:20,79739.27,79740.25,-0.0012,0.498,0.502,0.1,,0.0,0.0,0.0,0.0,no_signal,delta_too_small,0.0,0.0,0.0,0.0
1778228898.364608,1778228700,04:25,79805.0,79739.27,0.0824,0.5,0.5,101.6,UP,0.99,0.581,0.409,5.0,traded,,0.55,0.44,0.55,-0.031
1778229300.0163124,1778229000,04:30,79750.06,79756.74,-0.0084,0.487,0.513,0.1,,0.0,0.0,0.0,0.0,no_signal,delta_too_small,0.0,0.0,0.0,0.0
1778229484.3759131,1778229300,04:35,79805.71,79750.06,0.0698,0.5,0.5,116.0,UP,0.9693,0.565,0.4043,5.0,traded,,0.55,0.4193,0.55,-0.015
1778229900.0879898,1778229600,04:40,79893.69,79877.06,0.0208,0.533,0.467,0.0,,0.0,0.0,0.0,0.0,no_signal,delta_too_small,0.0,0.0,0.0,0.0
1778230065.836795,1778229900,04:45,79948.22,79893.7,0.0682,0.5,0.5,134.4,UP,0.8023,0.557,0.2453,3.28,traded,,0.55,0.2523,0.55,-0.007
1778230500.1146076,1778230200,04:50,79950.0,79947.66,0.0029,0.505,0.495,0.1,,0.0,0.0,0.0,0.0,no_signal,delta_too_small,0.0,0.0,0.0,0.0
1778230719.567421,1778230500,04:55,79880.99,79950.0,-0.0863,0.5,0.5,80.9,DOWN,0.917,0.594,0.323,5.0,traded,,0.55,0.367,0.55,-0.044
1778231033.6175663,1778230800,05:00,79831.22,79886.01,-0.0686,0.5,0.5,66.6,DOWN,0.8875,0.581,0.3065,5.0,traded,,0.55,0.3375,0.55,-0.031
1778232000.2310135,1778231700,05:15,79972.88,79968.44,0.0056,0.485,0.515,0.0,,0.0,0.0,0.0,0.0,no_signal,delta_too_small,0.0,0.0,0.0,0.0
1778232300.0968843,1778232000,05:20,79992.84,79972.88,0.025,0.485,0.515,0.1,,0.0,0.0,0.0,0.0,no_signal,delta_too_small,0.0,0.0,0.0,0.0
1778232579.4647803,1778232300,05:25,79982.15,80030.52,-0.0604,0.47,0.68,20.9,DOWN,0.9719,0.68,0.2919,5.0,traded,,0.68,0.2919,0.68,0.0
1778232900.0084531,1778232600,05:30,79910.0,79905.71,0.0054,0.28,0.84,0.1,,0.0,0.0,0.0,0.0,no_signal,delta_too_small,0.0,0.0,0.0,0.0
1778233200.0587387,1778232900,05:35,79868.82,79910.0,-0.0515,0.01,0.495,0.1,,0.0,0.0,0.0,0.0,no_signal,delta_too_small,0.0,0.0,0.0,0.0
1778233500.0767,1778233200,05:40,79863.72,79868.82,-0.0064,0.01,0.475,0.1,,0.0,0.0,0.0,0.0,no_signal,delta_too_small,0.0,0.0,0.0,0.0
1778233800.0930138,1778233500,05:45,79838.94,79863.72,-0.031,0.01,0.485,0.0,,0.0,0.0,0.0,0.0,no_signal,delta_too_small,0.0,0.0,0.0,0.0
1778234100.1198528,1778233800,05:50,79872.13,79838.94,0.0416,0.515,0.01,0.0,,0.0,0.0,0.0,0.0,no_signal,delta_too_small,0.0,0.0,0.0,0.0
1778234400.1173942,1778234100,05:55,79872.72,79872.13,0.0007,0.66,0.35,0.0,,0.0,0.0,0.0,0.0,no_signal,delta_too_small,0.0,0.0,0.0,0.0
1778234593.1191728,1778234400,06:00,79984.0,79872.72,0.1393,0.505,0.01,107.5,UP,0.99,0.505,0.485,5.0,traded,,0.51,0.48,0.51,0.005
1778234863.25711,1778234700,06:05,79970.0,80019.99,-0.0625,0.28,0.73,136.8,DOWN,0.9037,0.73,0.1737,5.0,traded,,0.73,0.1737,0.73,0.0
1778235300.0842571,1778235000,06:10,79818.84,79800.72,0.0227,0.99,0.02,0.0,,0.0,0.0,0.0,0.0,no_signal,delta_too_small,0.0,0.0,0.0,0.0
1778235574.0422308,1778235300,06:15,79870.51,79818.84,0.0647,0.505,0.01,26.4,UP,0.9899,0.505,0.4849,5.0,traded,,0.51,0.4799,0.51,0.005
1778235900.113069,1778235600,06:20,79886.29,79868.36,0.0224,0.505,0.01,0.0,,0.0,0.0,0.0,0.0,no_signal,delta_too_small,0.0,0.0,0.0,0.0
1778236200.0885732,1778235900,06:25,79899.4,79886.29,0.0164,0.505,0.01,0.0,,0.0,0.0,0.0,0.0,no_signal,delta_too_small,0.0,0.0,0.0,0.0
1778236500.0470512,1778236200,06:30,79981.55,79899.4,0.1028,0.495,0.01,0.1,,0.0,0.0,0.0,0.0,no_signal,price_out_of_range,0.0,0.0,0.0,0.0
1778236800.056828,1778236500,06:35,80056.94,79981.55,0.0943,0.485,0.01,0.1,,0.0,0.0,0.0,0.0,no_signal,price_out_of_range,0.0,0.0,0.0,0.0
1778237100.0581546,1778236800,06:40,80154.96,80056.94,0.1224,0.455,0.01,0.1,,0.0,0.0,0.0,0.0,no_signal,price_out_of_range,0.0,0.0,0.0,0.0
1778237400.003934,1778237100,06:45,80157.49,80154.95,0.0032,0.75,0.34,0.1,,0.0,0.0,0.0,0.0,no_signal,delta_too_small,0.0,0.0,0.0,0.0
1778237460.113659,1778237400,06:50,80230.08,80160.0,0.0874,0.78,0.23,240.0,UP,0.8814,0.78,0.1014,5.0,traded,,0.78,0.1014,0.78,0.0
1778237832.37904,1778237700,06:55,80273.0,80207.8,0.0813,0.68,0.33,168.1,UP,0.9071,0.68,0.2271,5.0,traded,,0.68,0.2271,0.68,0.0
1778238060.1791527,1778238000,07:00,80288.18,80214.79,0.0915,0.82,0.19,240.0,UP,0.8955,0.82,0.0755,5.0,traded,,0.82,0.0755,0.82,0.0
1778238446.9364107,1778238300,07:05,80293.5,80243.49,0.0623,0.59,0.45,153.2,UP,0.8763,0.59,0.2863,5.0,traded,,0.59,0.2863,0.59,0.0
1778238900.0993774,1778238600,07:10,80227.97,80213.43,0.0181,0.99,0.04,0.0,,0.0,0.0,0.0,0.0,no_signal,delta_too_small,0.0,0.0,0.0,0.0
1778239200.1136115,1778238900,07:15,80216.0,80227.97,-0.0149,0.01,0.525,0.0,,0.0,0.0,0.0,0.0,no_signal,delta_too_small,0.0,0.0,0.0,0.0
1778239296.2234821,1778239200,07:20,80270.05,80216.0,0.0674,0.77,0.24,203.9,UP,0.9134,0.77,0.1434,5.0,traded,,0.77,0.1434,0.77,0.0
1778239800.05678,1778239500,07:25,80300.01,80274.0,0.0324,0.495,0.01,0.1,,0.0,0.0,0.0,0.0,no_signal,delta_too_small,0.0,0.0,0.0,0.0
1778240100.0896497,1778239800,07:30,80262.92,80300.0,-0.0462,0.01,0.515,0.1,,0.0,0.0,0.0,0.0,no_signal,delta_too_small,0.0,0.0,0.0,0.0
1778240359.0574846,1778240100,07:35,80196.89,80262.92,-0.0823,0.01,0.515,41.4,DOWN,0.99,0.515,0.475,5.0,traded,,0.52,0.47,0.52,0.005
1778240659.6244316,1778240400,07:40,80150.02,80218.04,-0.0848,0.01,0.515,40.8,DOWN,0.99,0.515,0.475,5.0,traded,,0.52,0.47,0.52,0.005
1778240770.2207263,1778240700,07:45,80183.24,80135.02,0.0602,0.8,0.21,229.9,UP,0.874,0.8,0.074,5.0,traded,,0.8,0.074,0.8,0.0
1778241087.2964816,1778241000,07:50,80280.14,80229.26,0.0634,0.84,0.16,212.8,UP,0.8953,0.84,0.0553,5.0,traded,,0.84,0.0553,0.84,0.0
1778241600.0722866,1778241300,07:55,80231.22,80254.52,-0.029,0.01,0.505,0.1,,0.0,0.0,0.0,0.0,no_signal,delta_too_small,0.0,0.0,0.0,0.0
1778241731.716531,1778241600,08:00,80287.85,80231.22,0.0706,0.88,0.13,168.4,UP,0.9418,0.88,0.0618,5.0,traded,,0.88,0.0618,0.88,0.0
1778242200.0570338,1778241900,08:05,80192.08,80234.17,-0.0525,0.01,0.5,0.1,,0.0,0.0,0.0,0.0,no_signal,delta_too_small,0.0,0.0,0.0,0.0
1778242479.0184965,1778242200,08:10,80244.98,80192.09,0.066,0.505,0.01,21.5,UP,0.99,0.505,0.485,5.0,traded,,0.51,0.48,0.51,0.005
1778242800.0523996,1778242500,08:15,80295.09,80267.99,0.0338,0.495,0.01,0.1,,0.0,0.0,0.0,0.0,no_signal,delta_too_small,0.0,0.0,0.0,0.0
1778243100.037229,1778242800,08:20,80296.54,80295.09,0.0018,0.79,0.28,0.1,,0.0,0.0,0.0,0.0,no_signal,delta_too_small,0.0,0.0,0.0,0.0
1778243400.064335,1778243100,08:25,80318.38,80296.54,0.0272,0.505,0.01,0.1,,0.0,0.0,0.0,0.0,no_signal,delta_too_small,0.0,0.0,0.0,0.0
1778243460.1694505,1778243400,08:30,80208.33,80318.38,-0.137,0.26,0.83,240.0,DOWN,0.99,0.83,0.16,5.0,traded,,0.83,0.16,0.83,0.0
1778243852.6563911,1778243700,08:35,80206.45,80256.46,-0.0623,0.3,0.72,147.8,DOWN,0.9305,0.72,0.2105,5.0,traded,,0.72,0.2105,0.72,0.0
1778244300.036187,1778244000,08:40,80225.3,80224.55,0.0009,0.85,0.16,0.1,,0.0,0.0,0.0,0.0,no_signal,delta_too_small,0.0,0.0,0.0,0.0
1778244504.1980891,1778244300,08:45,80167.53,80225.3,-0.072,0.12,0.9,95.9,DOWN,0.9831,0.9,0.0831,5.0,traded,,0.9,0.0831,0.9,0.0
1778244660.2487826,1778244600,08:50,80029.84,80086.85,-0.0712,0.19,0.82,239.9,DOWN,0.9077,0.82,0.0877,5.0,traded,,0.82,0.0877,0.82,0.0
1778245131.2443957,1778244900,08:55,80066.41,80116.81,-0.0629,0.28,0.74,68.8,DOWN,0.9857,0.74,0.2457,5.0,traded,,0.74,0.2457,0.74,0.0
1778245326.1654913,1778245200,09:00,80081.57,80025.82,0.0697,0.74,0.27,173.8,UP,0.9364,0.74,0.1964,5.0,traded,,0.74,0.1964,0.74,0.0
1778245560.4915595,1778245500,09:05,80011.74,80063.35,-0.0645,0.28,0.73,239.6,DOWN,0.8853,0.73,0.1553,5.0,traded,,0.73,0.1553,0.73,0.0
1778245956.3876045,1778245800,09:10,79859.51,79907.65,-0.0602,0.34,0.67,143.7,DOWN,0.9165,0.67,0.2465,5.0,traded,,0.67,0.2465,0.67,0.0
1778246160.1970112,1778246100,09:15,79777.74,79692.86,0.1065,0.85,0.16,240.0,UP,0.9187,0.85,0.0687,5.0,traded,,0.85,0.0687,0.85,0.0
1778246700.0557,1778246400,09:20,79737.73,79760.93,-0.0291,0.01,0.465,0.1,,0.0,0.0,0.0,0.0,no_signal,delta_too_small,0.0,0.0,0.0,0.0
1778246780.519343,1778246700,09:25,79685.12,79737.74,-0.066,0.27,0.74,219.6,DOWN,0.8279,0.74,0.0879,5.0,traded,,0.74,0.0879,0.74,0.0
1778247076.1665635,1778247000,09:30,79663.77,79612.52,0.0644,0.68,0.33,224.0,UP,0.8214,0.68,0.1414,5.0,traded,,0.68,0.1414,0.68,0.0
1778247481.9276981,1778247300,09:35,79734.9,79787.67,-0.0661,0.45,0.58,118.2,DOWN,0.8866,0.58,0.3066,5.0,traded,,0.58,0.3066,0.58,0.0
1778247669.2869205,1778247600,09:40,79654.03,79706.73,-0.0661,0.41,0.63,230.9,DOWN,0.8146,0.63,0.1846,5.0,traded,,0.63,0.1846,0.63,0.0
1778248099.2079241,1778247900,09:45,79651.17,79595.75,0.0696,0.71,0.3,100.9,UP,0.9439,0.71,0.2339,5.0,traded,,0.71,0.2339,0.71,0.0
1778248458.7919698,1778248200,09:50,79571.0,79623.14,-0.0655,0.19,0.83,41.2,DOWN,0.9873,0.83,0.1573,5.0,traded,,0.83,0.1573,0.83,0.0
1778248800.0233116,1778248500,09:55,79647.8,79583.49,0.0808,0.525,0.01,0.1,,0.0,0.0,0.0,0.0,no_signal,,0.0,0.0,0.0,0.0
1778248863.9578023,1778248800,10:00,79698.49,79647.8,0.0636,0.63,0.39,236.2,UP,0.8187,0.63,0.1887,5.0,traded,,0.63,0.1887,0.63,0.0
1778249160.3290625,1778249100,10:05,79970.0,79836.56,0.1671,0.88,0.13,239.9,UP,0.9884,0.88,0.1084,5.0,traded,,0.88,0.1084,0.88,0.0
1778249568.9720712,1778249400,10:10,79915.11,79859.51,0.0696,0.75,0.26,131.2,UP,0.8923,0.75,0.1423,5.0,traded,,0.75,0.1423,0.75,0.0
1778249771.9611857,1778249700,10:15,79999.78,79927.33,0.0906,0.73,0.28,228.0,UP,0.9283,0.73,0.1983,5.0,traded,,0.73,0.1983,0.73,0.0
1778250135.808353,1778250000,10:20,80291.76,80368.15,-0.0951,0.37,0.64,164.4,DOWN,0.8089,0.64,0.1689,5.0,traded,,0.64,0.1689,0.64,0.0
1778250573.0908358,1778250300,10:25,80142.3,80254.49,-0.1398,0.01,0.525,27.4,DOWN,0.99,0.525,0.465,5.0,traded,,0.53,0.46,0.53,0.005
1778250660.0428448,1778250600,10:30,79825.2,80073.49,-0.3101,0.15,0.89,240.0,DOWN,0.99,0.89,0.1,5.0,traded,,0.89,0.1,0.89,0.0
1778250963.5234563,1778250900,10:35,80044.21,80131.16,-0.1085,0.27,0.74,236.5,DOWN,0.801,0.74,0.061,5.0,traded,,0.74,0.061,0.74,0.0
1778251500.042725,1778251200,10:40,80222.5,80258.46,-0.0448,0.01,0.59,0.1,,0.0,0.0,0.0,0.0,no_signal,delta_too_small,0.0,0.0,0.0,0.0
1778251800.095022,1778251500,10:45,80199.99,80222.5,-0.0281,0.01,0.515,0.0,,0.0,0.0,0.0,0.0,no_signal,delta_too_small,0.0,0.0,0.0,0.0
1778252100.0956943,1778251800,10:50,80185.91,80196.01,-0.0126,0.06,0.95,0.0,,0.0,0.0,0.0,0.0,no_signal,delta_too_small,0.0,0.0,0.0,0.0
1778252368.2573128,1778252100,10:55,80134.26,80185.92,-0.0644,0.01,0.515,32.3,DOWN,0.9052,0.515,0.3902,5.0,traded,,0.52,0.3852,0.52,0.005
1778252700.0450635,1778252400,11:00,79989.24,80150.97,-0.2018,0.01,0.495,0.1,,0.0,0.0,0.0,0.0,no_signal,price_out_of_range,0.0,0.0,0.0,0.0
1778253000.0423927,1778252700,11:05,79978.17,79989.23,-0.0138,0.01,0.495,0.1,,0.0,0.0,0.0,0.0,no_signal,delta_too_small,0.0,0.0,0.0,0.0
1778253133.2616663,1778253000,11:10,79900.01,79978.17,-0.0977,0.4,0.68,166.7,DOWN,0.8079,0.68,0.1279,5.0,traded,,0.68,0.1279,0.68,0.0
1778253518.1579902,1778253300,11:15,79827.65,79897.49,-0.0874,0.21,0.8,81.8,DOWN,0.8673,0.8,0.0673,5.0,traded,,0.8,0.0673,0.8,0.0
1778253729.9292428,1778253600,11:20,79894.18,79842.48,0.0648,0.79,0.23,170.1,UP,0.8813,0.79,0.0913,5.0,traded,,0.79,0.0913,0.79,0.0
1778253986.3746355,1778253900,11:25,79651.35,79702.66,-0.0644,0.41,0.61,213.6,DOWN,0.8441,0.61,0.2341,5.0,traded,,0.61,0.2341,0.61,0.0
1778254260.0944824,1778254200,11:30,79653.62,79707.12,-0.0671,0.48,0.54,239.9,DOWN,0.8675,0.54,0.3275,5.0,traded,,0.54,0.3275,0.54,0.0
1778254800.0801597,1778254500,11:35,79903.84,79871.56,0.0404,0.435,0.01,0.0,,0.0,0.0,0.0,0.0,no_signal,delta_too_small,0.0,0.0,0.0,0.0
1778254860.0284834,1778254800,11:40,79976.68,79902.64,0.0927,0.81,0.2,240.0,UP,0.9174,0.81,0.1074,5.0,traded,,0.81,0.1074,0.81,0.0
1778255273.8442721,1778255100,11:45,80019.65,79966.15,0.0669,0.74,0.27,126.2,UP,0.9187,0.74,0.1787,5.0,traded,,0.74,0.1787,0.74,0.0
1778255700.0982895,1778255400,11:50,80142.13,80069.59,0.0906,0.475,0.01,0.0,,0.0,0.0,0.0,0.0,no_signal,price_out_of_range,0.0,0.0,0.0,0.0
1778256000.0476193,1778255700,11:55,80140.13,80142.13,-0.0025,0.96,0.04,0.1,,0.0,0.0,0.0,0.0,no_signal,delta_too_small,0.0,0.0,0.0,0.0
1778256108.8763561,1778256000,12:00,80090.2,80140.14,-0.0623,0.24,0.76,191.1,DOWN,0.8576,0.76,0.0976,5.0,traded,,0.76,0.0976,0.76,0.0
1778256360.0893352,1778256300,12:05,80063.48,79994.95,0.0857,0.56,0.45,239.9,UP,0.9133,0.56,0.3533,5.0,traded,,0.56,0.3533,0.56,0.0
1778256900.0662563,1778256600,12:10,79965.76,79982.91,-0.0214,0.01,0.495,0.0,,0.0,0.0,0.0,0.0,no_signal,delta_too_small,0.0,0.0,0.0,0.0
1778257200.0279648,1778256900,12:15,79952.2,79965.76,-0.017,0.02,0.99,0.1,,0.0,0.0,0.0,0.0,no_signal,delta_too_small,0.0,0.0,0.0,0.0
1778257500.091388,1778257200,12:20,79971.45,79952.2,0.0241,0.615,0.01,0.0,,0.0,0.0,0.0,0.0,no_signal,delta_too_small,0.0,0.0,0.0,0.0
1778257609.2026415,1778257500,12:25,80019.99,79971.45,0.0607,0.78,0.23,190.8,UP,0.8594,0.78,0.0794,5.0,traded,,0.78,0.0794,0.78,0.0
1778257860.0707314,1778257800,12:30,79862.19,79950.0,-0.1098,0.17,0.84,239.9,DOWN,0.9621,0.84,0.1221,5.0,traded,,0.84,0.1221,0.84,0.0
1778258400.0878596,1778258100,12:35,79791.41,79834.96,-0.0546,0.001,0.975,0.0,,0.0,0.0,0.0,0.0,no_signal,delta_too_small,0.0,0.0,0.0,0.0
1778258462.3082578,1778258400,12:40,79741.31,79791.41,-0.0628,0.28,0.73,237.7,DOWN,0.8801,0.73,0.1501,5.0,traded,,0.73,0.1501,0.73,0.0
1778258930.9936295,1778258700,12:45,79841.51,79790.0,0.0646,0.88,0.13,69.0,UP,0.9854,0.88,0.1054,5.0,traded,,0.88,0.1054,0.88,0.0
1778259161.1295383,1778259000,12:50,79824.99,79774.69,0.0631,0.8,0.21,138.9,UP,0.9388,0.8,0.1388,5.0,traded,,0.8,0.1388,0.8,0.0
1778259440.0554173,1778259300,12:55,79849.99,79795.78,0.0679,0.88,0.13,159.9,UP,0.9395,0.88,0.0595,5.0,traded,,0.88,0.0595,0.88,0.0
1778259665.365883,1778259600,13:00,79860.05,79802.34,0.0723,0.72,0.28,234.6,UP,0.9135,0.72,0.1935,5.0,traded,,0.72,0.1935,0.72,0.0
1778260017.9053085,1778259900,13:05,79950.0,79893.52,0.0707,0.79,0.21,182.1,UP,0.9348,0.79,0.1448,5.0,traded,,0.79,0.1448,0.79,0.0
1778260260.0271292,1778260200,13:10,79753.26,79822.31,-0.0865,0.15,0.86,240.0,DOWN,0.9465,0.86,0.0865,5.0,traded,,0.86,0.0865,0.86,0.0
1778260633.9681149,1778260500,13:15,79913.79,79861.99,0.0649,0.83,0.18,166.0,UP,0.9269,0.83,0.0969,5.0,traded,,0.83,0.0969,0.83,0.0
1778260862.03618,1778260800,13:20,79970.01,80021.28,-0.0641,0.29,0.72,238.0,DOWN,0.8791,0.72,0.1591,5.0,traded,,0.72,0.1591,0.72,0.0
1778261163.5291173,1778261100,13:25,79997.44,79945.46,0.065,0.67,0.34,236.5,UP,0.886,0.67,0.216,5.0,traded,,0.67,0.216,0.67,0.0
1778261592.42047,1778261400,13:30,80211.06,79999.76,0.2641,0.505,0.01,108.1,UP,0.99,0.505,0.485,5.0,traded,,0.51,0.48,0.51,0.005
1778261776.9034672,1778261700,13:35,80180.9,80241.2,-0.0751,0.3,0.72,223.1,DOWN,0.8405,0.72,0.1205,5.0,traded,,0.72,0.1205,0.72,0.0
1778262171.9014573,1778262000,13:40,80080.39,80130.64,-0.0627,0.28,0.73,128.1,DOWN,0.8621,0.73,0.1321,5.0,traded,,0.73,0.1321,0.73,0.0
1778262900.061314,1778262600,13:50,80183.6,80240.64,-0.0711,0.01,0.99,0.0,,0.0,0.0,0.0,0.0,no_signal,price_out_of_range,0.0,0.0,0.0,0.0
1778263200.0711222,1778262900,13:55,80051.0,80183.6,-0.1654,0.01,0.99,0.0,,0.0,0.0,0.0,0.0,no_signal,price_out_of_range,0.0,0.0,0.0,0.0
1778263500.0786076,1778263200,14:00,80181.47,80051.0,0.163,0.87,0.17,239.9,UP,0.9356,0.87,0.0656,1.0,no_signal,,0.0,0.0,0.0,0.0
1778263800.0719707,1778263500,14:05,80170.76,80218.67,-0.0597,0.01,0.99,0.0,,0.0,0.0,0.0,0.0,no_signal,delta_too_small,0.0,0.0,0.0,0.0
1778264100.0771272,1778263800,14:10,80202.42,80170.76,0.0395,0.99,0.01,0.0,,0.0,0.0,0.0,0.0,no_signal,delta_too_small,0.0,0.0,0.0,0.0
1778264400.0789638,1778264100,14:15,80265.37,80202.42,0.0785,0.8,0.21,115.3,UP,0.8543,0.8,0.0543,1.0,no_signal,,0.0,0.0,0.0,0.0
1778264700.020066,1778264400,14:20,80284.27,80274.44,0.0122,0.99,0.01,0.1,,0.0,0.0,0.0,0.0,no_signal,delta_too_small,0.0,0.0,0.0,0.0
1778265000.0772707,1778264700,14:25,80239.43,80284.27,-0.0559,0.01,0.99,0.0,,0.0,0.0,0.0,0.0,no_signal,delta_too_small,0.0,0.0,0.0,0.0
1778265300.113369,1778265000,14:30,80242.78,80239.43,0.0042,0.99,0.02,0.0,,0.0,0.0,0.0,0.0,no_signal,delta_too_small,0.0,0.0,0.0,0.0
1778265600.0621614,1778265300,14:35,80212.98,80242.78,-0.0371,0.01,0.99,0.0,,0.0,0.0,0.0,0.0,no_signal,delta_too_small,0.0,0.0,0.0,0.0
1778265900.0724516,1778265600,14:40,80157.33,80212.98,-0.0694,0.01,0.99,0.0,,0.0,0.0,0.0,0.0,no_signal,price_out_of_range,0.0,0.0,0.0,0.0
1778266200.0390801,1778265900,14:45,80162.29,80157.33,0.0062,0.36,0.68,0.1,,0.0,0.0,0.0,0.0,no_signal,delta_too_small,0.0,0.0,0.0,0.0
1778266500.0978782,1778266200,14:50,80250.12,80162.29,0.1096,0.9,0.12,238.9,UP,0.9796,0.9,0.0796,1.0,no_signal,,0.0,0.0,0.0,0.0
1778266800.0722358,1778266500,14:55,80078.39,80164.15,-0.107,0.01,0.99,0.0,,0.0,0.0,0.0,0.0,no_signal,price_out_of_range,0.0,0.0,0.0,0.0
1778268600.0778227,1778268300,15:25,80029.93,80019.23,0.0134,0.27,0.93,0.0,,0.0,0.0,0.0,0.0,no_signal,delta_too_small,0.0,0.0,0.0,0.0
1778268900.060379,1778268600,15:30,80071.87,80029.93,0.0524,0.99,0.01,0.0,,0.0,0.0,0.0,0.0,no_signal,delta_too_small,0.0,0.0,0.0,0.0
1778269200.0406241,1778268900,15:35,80060.01,80071.87,-0.0148,0.02,0.98,0.1,,0.0,0.0,0.0,0.0,no_signal,delta_too_small,0.0,0.0,0.0,0.0
1778269500.028637,1778269200,15:40,80098.3,80060.01,0.0478,0.99,0.01,0.1,,0.0,0.0,0.0,0.0,no_signal,delta_too_small,0.0,0.0,0.0,0.0
1778269800.086012,1778269500,15:45,80115.5,80098.3,0.0215,0.94,0.06,0.0,,0.0,0.0,0.0,0.0,no_signal,delta_too_small,0.0,0.0,0.0,0.0
1778270100.0219986,1778269800,15:50,80128.3,80115.5,0.016,0.95,0.06,0.1,,0.0,0.0,0.0,0.0,no_signal,delta_too_small,0.0,0.0,0.0,0.0
1778270400.0263205,1778270100,15:55,80121.82,80067.45,0.0679,0.5,0.52,88.8,UP,0.8508,0.5,0.3508,1.0,no_signal,,0.0,0.0,0.0,0.0
1778270700.0387936,1778270400,16:00,80167.54,80164.84,0.0034,0.9,0.23,0.1,,0.0,0.0,0.0,0.0,no_signal,delta_too_small,0.0,0.0,0.0,0.0
1778271000.0962975,1778270700,16:05,80165.16,80167.54,-0.003,0.06,0.98,0.0,,0.0,0.0,0.0,0.0,no_signal,delta_too_small,0.0,0.0,0.0,0.0
1778271300.090234,1778271000,16:10,80230.0,80165.16,0.0809,0.99,0.01,0.0,,0.0,0.0,0.0,0.0,no_signal,price_out_of_range,0.0,0.0,0.0,0.0
1778271600.088794,1778271300,16:15,80205.63,80230.0,-0.0304,0.01,0.99,0.0,,0.0,0.0,0.0,0.0,no_signal,delta_too_small,0.0,0.0,0.0,0.0
1778271900.0768192,1778271600,16:20,80279.99,80205.63,0.0927,0.99,0.01,0.0,,0.0,0.0,0.0,0.0,no_signal,price_out_of_range,0.0,0.0,0.0,0.0
1778272200.0774162,1778271900,16:25,80259.43,80279.99,-0.0256,0.01,0.99,0.0,,0.0,0.0,0.0,0.0,no_signal,delta_too_small,0.0,0.0,0.0,0.0
