timestamp,window_ts,window_time,trade_id,side,entry_price,entry_shares,entry_cost,edge_at_entry,prob_at_entry,btc_delta_at_entry,seconds_remaining_at_entry,entry_delta_pct,entry_seconds_remaining,entry_latency_ms,max_prob_during_hold,min_prob_during_hold,max_sell_price_seen,min_sell_price_seen,exit_type,exit_price,exit_shares_sold,exit_revenue,residual_shares,residual_value,exit_latency_ms,btc_final_price,btc_final_delta_pct,won_resolution,resolution_payout,resolution_method,claim_result,profit,return_pct,profit_if_held
1778111583.2895443,1778111400,19:50,1,UP,0.55,24.8,13.66,0.241,0.8,0.063,116.7,0.063,116.7,0.0,0.99,0.8,0.99,0.8,resolution,0.0,0.0,0.0,24.8,0.0,0,81440.71,0.1029,True,24.8,binance_fallback,not_attempted,11.18,81.82,11.14
1778112470.1347637,1778112300,20:05,2,DOWN,0.55,30.7,16.87,0.2437,0.8017,-0.0669,129.9,-0.0669,129.9,0.0,0.8017,0.01,0.45,0.01,resolution,0.0,0.0,0.0,30.7,0.0,0,81419.07,-0.019,True,30.7,binance_fallback,not_attempted,13.8,81.82,13.83
1778112739.3813462,1778112600,20:10,3,UP,0.55,42.1,23.18,0.2733,0.8313,0.0842,160.6,0.0842,160.6,0.0,0.9088,0.6137,0.91,0.61,resolution,0.0,0.0,0.0,42.1,0.0,0,81426.59,0.0092,True,42.1,binance_fallback,not_attempted,18.97,81.82,18.92
1778113030.2359319,1778112900,20:15,4,DOWN,0.55,45.5,25.0,0.388,0.933,-0.0676,169.8,-0.0676,169.8,0.0,0.933,0.01,0.22,0.01,resolution,0.0,0.0,0.0,45.5,0.0,0,81405.65,-0.0257,True,45.5,binance_fallback,not_attempted,20.45,81.82,20.5
1778113260.0640562,1778113200,20:20,5,DOWN,0.55,45.5,25.0,0.3998,0.9228,-0.0764,239.9,-0.0764,239.9,0.0,0.9228,0.01,0.24,0.01,resolution,0.0,0.0,0.0,45.5,0.0,0,81286.0,-0.147,True,45.5,binance_fallback,not_attempted,20.45,81.82,20.5
1778113759.9465623,1778113500,20:25,6,DOWN,0.55,45.5,25.0,0.41,0.99,-0.0602,40.1,-0.0602,40.1,0.0,0.99,0.01,0.08,0.01,resolution,0.0,0.0,0.0,45.5,0.0,0,81227.27,-0.0723,True,45.5,binance_fallback,not_attempted,20.45,81.82,20.5
1778113965.0725126,1778113800,20:30,7,DOWN,0.55,45.5,25.0,0.3934,0.9484,-0.0656,134.9,-0.0656,134.9,0.0,0.9484,0.01,0.39,0.01,resolution,0.0,0.0,0.0,45.5,0.0,0,81172.43,-0.0675,True,45.5,binance_fallback,not_attempted,20.45,81.82,20.5
1778114211.6137505,1778114100,20:35,8,DOWN,0.55,45.5,25.0,0.3638,0.8978,-0.0603,188.4,-0.0603,188.4,0.0,0.8978,0.01,0.34,0.01,resolution,0.0,0.0,0.0,45.5,0.0,0,81120.0,-0.0646,True,45.5,binance_fallback,not_attempted,20.45,81.82,20.5
1778114460.0168707,1778114400,20:40,9,DOWN,0.55,45.5,25.0,0.3998,0.9228,-0.0764,240.0,-0.0764,240.0,0.0,0.9228,0.01,0.42,0.01,resolution,0.0,0.0,0.0,45.5,0.0,0,81027.98,-0.1134,True,45.5,binance_fallback,not_attempted,20.45,81.82,20.5
1778114906.530102,1778114700,20:45,10,UP,0.55,45.5,25.0,0.4045,0.9715,0.0637,93.5,0.0637,93.5,0.0,0.99,0.8295,0.99,0.83,resolution,0.0,0.0,0.0,45.5,0.0,0,81108.01,0.0988,True,45.5,binance_fallback,not_attempted,20.45,81.82,20.5
1778115089.2048302,1778115000,20:50,11,DOWN,0.55,45.5,25.0,0.3619,0.8899,-0.0617,210.8,-0.0617,210.8,0.0,0.8899,0.01,0.34,0.01,resolution,0.0,0.0,0.0,45.5,0.0,0,81022.92,-0.1049,True,45.5,binance_fallback,not_attempted,20.45,81.82,20.5
1778115360.0868425,1778115300,20:55,12,UP,0.55,45.5,25.0,0.4288,0.9558,0.0914,239.9,0.0914,239.9,0.0,0.9558,0.5069,0.83,0.51,resolution,0.0,0.0,0.0,45.5,0.0,0,81016.96,-0.0074,False,0.0,binance_fallback,not_attempted,-25.0,-100.0,-25.0
1778115681.290559,1778115600,21:00,13,DOWN,0.55,45.5,25.0,0.3547,0.8797,-0.0601,218.7,-0.0601,218.7,0.0,0.8797,0.0591,0.5,0.06,resolution,0.0,0.0,0.0,45.5,0.0,0,81010.42,-0.0081,True,45.5,binance_fallback,not_attempted,20.45,81.82,20.5
1778115973.243517,1778115900,21:05,14,DOWN,0.55,45.5,25.0,0.4121,0.9421,-0.082,226.8,-0.082,226.8,0.0,0.9421,0.01,0.49,0.01,resolution,0.0,0.0,0.0,45.5,0.0,0,81058.0,0.0587,False,0.0,binance_fallback,not_attempted,-25.0,-100.0,-25.0
1778116260.0179436,1778116200,21:10,15,UP,0.55,45.5,25.0,0.4317,0.9597,0.0938,240.0,0.0938,240.0,0.0,0.99,0.5399,0.99,0.54,resolution,0.0,0.0,0.0,45.5,0.0,0,81151.53,0.1154,True,45.5,binance_fallback,not_attempted,20.45,81.82,20.5
1778116582.105084,1778116500,21:15,16,DOWN,0.55,45.5,25.0,0.3714,0.8984,-0.0651,217.9,-0.0651,217.9,0.0,0.8984,0.01,0.32,0.01,resolution,0.0,0.0,0.0,45.5,0.0,0,81077.68,-0.091,True,45.5,binance_fallback,not_attempted,20.45,81.82,20.5
1778116899.547975,1778116800,21:20,17,DOWN,0.55,45.5,25.0,0.3632,0.8942,-0.0613,200.5,-0.0613,200.5,0.0,0.8942,0.01,0.5,0.01,resolution,0.0,0.0,0.0,45.5,0.0,0,81145.48,0.0836,False,0.0,binance_fallback,not_attempted,-25.0,-100.0,-25.0
1778117324.323346,1778117100,21:25,18,UP,0.55,45.5,25.0,0.4093,0.9803,0.0621,75.7,0.0621,75.7,0.0,0.99,0.8455,0.99,0.85,resolution,0.0,0.0,0.0,45.5,0.0,0,81210.01,0.0795,True,45.5,binance_fallback,not_attempted,20.45,81.82,20.5
1778117666.9899125,1778117400,21:30,19,DOWN,0.55,45.5,25.0,0.408,0.99,-0.0605,33.0,-0.0605,33.0,0.0,0.99,0.01,0.06,0.01,resolution,0.0,0.0,0.0,45.5,0.0,0,81142.59,-0.083,True,45.5,binance_fallback,not_attempted,20.45,81.82,20.5
1778117767.0050478,1778117700,21:35,20,UP,0.55,45.5,25.0,0.3788,0.9018,0.0683,233.0,0.0683,233.0,0.0,0.99,0.6879,0.99,0.69,resolution,0.0,0.0,0.0,45.5,0.0,0,81260.3,0.1451,True,45.5,binance_fallback,not_attempted,20.45,81.82,20.5
1778118660.0392647,1778118600,21:50,21,DOWN,0.55,45.5,25.0,0.3908,0.9128,-0.0729,240.0,-0.0729,240.0,0.0,0.9128,0.01,0.27,0.01,resolution,0.0,0.0,0.0,45.5,0.0,0,81175.03,-0.1196,True,45.5,binance_fallback,not_attempted,20.45,81.82,20.5
1778119332.1499085,1778119200,22:00,22,DOWN,0.55,45.5,25.0,0.3856,0.9296,-0.0661,167.9,-0.0661,167.9,0.0,0.9296,0.01,0.44,0.01,resolution,0.0,0.0,0.0,45.5,0.0,0,81111.5,-0.0694,True,45.5,binance_fallback,not_attempted,20.45,81.82,20.5
1778119770.2523959,1778119500,22:05,23,DOWN,0.55,45.5,25.0,0.405,0.99,-0.0618,29.8,-0.0618,29.8,0.0,0.99,0.01,0.04,0.01,resolution,0.0,0.0,0.0,45.5,0.0,0,81014.84,-0.1192,True,45.5,binance_fallback,not_attempted,20.45,81.82,20.5
1778119943.9135008,1778119800,22:10,24,DOWN,0.55,45.5,25.0,0.4026,0.9556,-0.0737,156.1,-0.0737,156.1,0.0,0.9556,0.01,0.27,0.01,resolution,0.0,0.0,0.0,45.5,0.0,0,80933.64,-0.1002,True,45.5,binance_fallback,not_attempted,20.45,81.82,20.5
1778120591.194286,1778120400,22:20,25,UP,0.55,45.5,25.0,0.395,0.954,0.0609,108.8,0.0609,108.8,0.0,0.9777,0.709,0.98,0.71,resolution,0.0,0.0,0.0,45.5,0.0,0,80904.99,-0.0079,False,0.0,binance_fallback,not_attempted,-25.0,-100.0,-25.0
1778121180.3447263,1778121000,22:30,26,UP,0.55,45.5,25.0,0.4094,0.9784,0.0766,119.7,0.0766,119.7,0.0,0.99,0.9287,0.99,0.93,resolution,0.0,0.0,0.0,45.5,0.0,0,81013.12,0.1423,True,45.5,binance_fallback,not_attempted,20.45,81.82,20.5
1778121369.1388845,1778121300,22:35,27,DOWN,0.55,45.5,25.0,0.3726,0.8956,-0.0661,230.9,-0.0661,230.9,0.0,0.8956,0.01,0.38,0.01,resolution,0.0,0.0,0.0,45.5,0.0,0,80969.28,-0.0541,True,45.5,binance_fallback,not_attempted,20.45,81.82,20.5
1778121960.080792,1778121900,22:45,28,UP,0.55,45.5,25.0,0.438,0.967,0.0987,239.9,0.0987,239.9,0.0,0.99,0.7671,0.99,0.77,resolution,0.0,0.0,0.0,45.5,0.0,0,81052.0,0.1039,True,45.5,binance_fallback,not_attempted,20.45,81.82,20.5
1778122634.6646903,1778122500,22:55,29,UP,0.55,45.5,25.0,0.3907,0.9377,0.0684,165.3,0.0684,165.3,0.0,0.99,0.6832,0.99,0.68,resolution,0.0,0.0,0.0,45.5,0.0,0,81113.34,0.0337,True,45.5,binance_fallback,not_attempted,20.45,81.82,20.5
1778122970.5478213,1778122800,23:00,30,DOWN,0.55,45.5,25.0,0.3993,0.9583,-0.0682,129.5,-0.0682,129.5,0.0,0.9583,0.01,0.23,0.01,resolution,0.0,0.0,0.0,45.5,0.0,0,81056.61,-0.0699,True,45.5,binance_fallback,not_attempted,20.45,81.82,20.5
1778123325.67446,1778123100,23:05,31,UP,0.55,45.5,25.0,0.4094,0.9794,0.0609,74.3,0.0609,74.3,0.0,0.99,0.7454,0.99,0.75,resolution,0.0,0.0,0.0,45.5,0.0,0,81080.32,0.0293,True,45.5,binance_fallback,not_attempted,20.45,81.82,20.5
1778123586.3143537,1778123400,23:10,32,DOWN,0.55,45.5,25.0,0.3975,0.9575,-0.0636,113.7,-0.0636,113.7,0.0,0.9575,0.01,0.21,0.01,resolution,0.0,0.0,0.0,45.5,0.0,0,81020.17,-0.0742,True,45.5,binance_fallback,not_attempted,20.45,81.82,20.5
1778123839.926465,1778123700,23:15,33,UP,0.55,45.5,25.0,0.3829,0.9279,0.064,160.1,0.064,160.1,0.0,0.9279,0.5011,0.78,0.5,resolution,0.0,0.0,0.0,45.5,0.0,0,81020.01,-0.0002,False,0.0,binance_fallback,not_attempted,-25.0,-100.0,-25.0
1778124076.8665051,1778124000,23:20,34,DOWN,0.55,45.5,25.0,0.3678,0.8928,-0.0642,223.1,-0.0642,223.1,0.0,0.8928,0.01,0.27,0.01,resolution,0.0,0.0,0.0,45.5,0.0,0,80904.3,-0.1428,True,45.5,binance_fallback,not_attempted,20.45,81.82,20.5
1778124389.5803149,1778124300,23:25,35,UP,0.55,45.5,25.0,0.3626,0.8906,0.0618,210.4,0.0618,210.4,0.0,0.99,0.7308,0.99,0.73,resolution,0.0,0.0,0.0,45.5,0.0,0,80971.54,0.0884,True,45.5,binance_fallback,not_attempted,20.45,81.82,20.5
1778124874.0404613,1778124600,23:30,36,DOWN,0.55,45.5,25.0,0.401,0.99,-0.0636,26.0,-0.0636,26.0,0.0,0.99,0.01,0.04,0.01,resolution,0.0,0.0,0.0,45.5,0.0,0,80923.64,-0.0592,True,45.5,binance_fallback,not_attempted,20.45,81.82,20.5
1778125062.9123588,1778124900,23:35,37,UP,0.55,45.5,25.0,0.3905,0.9435,0.0643,137.1,0.0643,137.1,0.0,0.99,0.786,0.99,0.79,resolution,0.0,0.0,0.0,45.5,0.0,0,80983.57,0.0741,True,45.5,binance_fallback,not_attempted,20.45,81.82,20.5
1778125704.0169554,1778125500,23:45,38,DOWN,0.55,45.5,25.0,0.4015,0.9655,-0.0617,96.0,-0.0617,96.0,0.0,0.9655,0.01,0.19,0.01,resolution,0.0,0.0,0.0,45.5,0.0,0,80954.66,-0.0313,True,45.5,binance_fallback,not_attempted,20.45,81.82,20.5
1778125860.0489655,1778125800,23:50,39,UP,0.55,45.5,25.0,0.3624,0.8814,0.0634,240.0,0.0634,240.0,0.0,0.9012,0.5028,0.9,0.5,resolution,0.0,0.0,0.0,45.5,0.0,0,80936.07,-0.023,False,0.0,binance_fallback,not_attempted,-25.0,-100.0,-25.0
1778126160.1000059,1778126100,23:55,40,DOWN,0.55,45.5,25.0,0.3637,0.8827,-0.0638,239.9,-0.0638,239.9,0.0,0.8827,0.01,0.42,0.01,resolution,0.0,0.0,0.0,45.5,0.0,0,80834.92,-0.125,True,45.5,binance_fallback,not_attempted,20.45,81.82,20.5
1778126986.4377885,1778126700,00:05,41,DOWN,0.55,45.5,25.0,0.391,0.99,-0.068,13.6,-0.068,13.6,0.0,0.99,0.01,0.01,0.01,resolution,0.0,0.0,0.0,45.5,0.0,0,80771.8,-0.0554,True,45.5,binance_fallback,not_attempted,20.45,81.82,20.5
1778127060.0832598,1778127000,00:10,42,UP,0.55,45.5,25.0,0.3976,0.9206,0.0756,239.9,0.0756,239.9,0.0,0.99,0.7561,0.99,0.76,resolution,0.0,0.0,0.0,45.5,0.0,0,80869.87,0.1214,True,45.5,binance_fallback,not_attempted,20.45,81.82,20.5
1778127429.9242086,1778127300,00:15,43,UP,0.55,45.5,25.0,0.3839,0.9269,0.0657,170.1,0.0657,170.1,0.0,0.99,0.7437,0.99,0.74,resolution,0.0,0.0,0.0,45.5,0.0,0,80941.75,0.0889,True,45.5,binance_fallback,not_attempted,20.45,81.82,20.5
1778129660.346004,1778129400,00:50,44,UP,0.55,45.5,25.0,0.404,0.99,0.0653,39.7,0.0653,39.7,0.0,0.99,0.9329,0.99,0.93,resolution,0.0,0.0,0.0,45.5,0.0,0,80989.59,0.0792,True,45.5,binance_fallback,not_attempted,20.45,81.82,20.5
1778130060.095399,1778130000,01:00,45,UP,0.55,45.5,25.0,0.3801,0.9011,0.0691,239.9,0.0691,239.9,0.0,0.99,0.6033,0.99,0.6,resolution,0.0,0.0,0.0,45.5,0.0,0,81087.91,0.1342,True,45.5,binance_fallback,not_attempted,20.45,81.82,20.5
1778130450.0711591,1778130300,01:05,46,DOWN,0.55,45.5,25.0,0.3801,0.9271,-0.0617,149.9,-0.0617,149.9,0.0,0.9271,0.01,0.2,0.01,resolution,0.0,0.0,0.0,45.5,0.0,0,81037.1,-0.0627,True,45.5,binance_fallback,not_attempted,20.45,81.82,20.5
1778130740.0525043,1778130600,01:10,47,UP,0.55,45.5,25.0,0.3949,0.9439,0.0696,159.9,0.0696,159.9,0.0,0.99,0.7866,0.99,0.79,resolution,0.0,0.0,0.0,45.5,0.0,0,81116.85,0.0984,True,45.5,binance_fallback,not_attempted,20.45,81.82,20.5
1778131362.6900723,1778131200,01:20,48,DOWN,0.55,45.5,25.0,0.3829,0.9339,-0.0611,137.3,-0.0611,137.3,0.0,0.9339,0.01,0.23,0.01,resolution,0.0,0.0,0.0,45.5,0.0,0,81090.76,-0.0621,True,45.5,binance_fallback,not_attempted,20.45,81.82,20.5
1778134115.968043,1778133900,02:05,49,DOWN,0.55,45.5,25.0,0.4,0.99,-0.0835,84.0,-0.0835,84.0,0.0,0.99,0.01,0.08,0.01,resolution,0.0,0.0,0.0,45.5,0.0,0,80977.88,-0.1056,True,45.5,binance_fallback,not_attempted,20.45,81.82,20.5
1778134262.4343703,1778134200,02:10,50,DOWN,0.55,45.5,25.0,0.3568,0.8768,-0.0619,237.6,-0.0619,237.6,0.0,0.8768,0.01,0.29,0.01,resolution,0.0,0.0,0.0,45.5,0.0,0,80899.21,-0.0971,True,45.5,binance_fallback,not_attempted,20.45,81.82,20.5
1778134560.0557556,1778134500,02:15,51,UP,0.55,45.5,25.0,0.3783,0.8993,0.0686,239.9,0.0686,239.9,0.0,0.99,0.7049,0.99,0.7,resolution,0.0,0.0,0.0,45.5,0.0,0,80955.17,0.0692,True,45.5,binance_fallback,not_attempted,20.45,81.82,20.5
1778134928.733145,1778134800,02:20,52,UP,0.55,45.5,25.0,0.3804,0.9224,0.0644,171.3,0.0644,171.3,0.0,0.99,0.7139,0.99,0.71,resolution,0.0,0.0,0.0,45.5,0.0,0,80978.51,0.0288,True,45.5,binance_fallback,not_attempted,20.45,81.82,20.5
1778135504.7597284,1778135400,02:30,53,UP,0.55,45.5,25.0,0.3625,0.8945,0.0605,195.2,0.0605,195.2,0.0,0.99,0.7342,0.99,0.73,resolution,0.0,0.0,0.0,45.5,0.0,0,81262.75,0.2916,True,45.5,binance_fallback,not_attempted,20.45,81.82,20.5
1778135804.719869,1778135700,02:35,54,UP,0.55,45.5,25.0,0.3207,0.8557,0.0663,195.3,0.0663,195.3,0.0,0.9817,0.5265,0.98,0.53,resolution,0.0,0.0,0.0,45.5,0.0,0,81276.6,0.017,True,45.5,binance_fallback,not_attempted,20.45,81.82,20.5
1778136060.0427997,1778136000,02:40,55,UP,0.55,45.5,25.0,0.3444,0.8674,0.0767,240.0,0.0767,240.0,0.0,0.99,0.6711,0.99,0.67,resolution,0.0,0.0,0.0,45.5,0.0,0,81369.71,0.1146,True,45.5,binance_fallback,not_attempted,20.45,81.82,20.5
1778136379.6862636,1778136300,02:45,56,DOWN,0.55,45.5,25.0,0.2955,0.8205,-0.0606,220.3,-0.0606,220.3,0.0,0.8205,0.01,0.31,0.01,resolution,0.0,0.0,0.0,45.5,0.0,0,81308.68,-0.075,True,45.5,binance_fallback,not_attempted,20.45,81.82,20.5
1778136736.7567115,1778136600,02:50,57,UP,0.55,45.5,25.0,0.3178,0.8598,0.0605,163.2,0.0605,163.2,0.0,0.99,0.7529,0.99,0.75,resolution,0.0,0.0,0.0,45.5,0.0,0,81387.99,0.0975,True,45.5,binance_fallback,not_attempted,20.45,81.82,20.5
1778137179.4028573,1778136900,02:55,58,UP,0.55,45.5,25.0,0.394,0.99,0.0678,20.6,0.0678,20.6,0.0,0.99,0.9847,0.99,0.98,resolution,0.0,0.0,0.0,45.5,0.0,0,81438.61,0.0622,True,45.5,binance_fallback,not_attempted,20.45,81.82,20.5
1778137665.5233717,1778137500,03:05,59,UP,0.55,45.5,25.0,0.3621,0.9191,0.0681,134.5,0.0681,134.5,0.0,0.99,0.6033,0.99,0.6,resolution,0.0,0.0,0.0,45.5,0.0,0,81426.6,0.0025,True,45.5,binance_fallback,not_attempted,20.45,81.82,20.5
1778137861.4582708,1778137800,03:10,60,UP,0.55,45.5,25.0,0.304,0.824,0.0633,238.5,0.0633,238.5,0.0,0.99,0.6778,0.99,0.68,resolution,0.0,0.0,0.0,45.5,0.0,0,81660.09,0.2867,True,45.5,binance_fallback,not_attempted,20.45,81.82,20.5
1778138339.870312,1778138100,03:15,61,DOWN,0.55,45.5,25.0,0.3553,0.9353,-0.0661,60.1,-0.0661,60.1,0.0,0.9353,0.01,0.11,0.01,resolution,0.0,0.0,0.0,45.5,0.0,0,81600.72,-0.0727,True,45.5,binance_fallback,not_attempted,20.45,81.82,20.5
1778138931.9766397,1778138700,03:25,62,DOWN,0.55,45.5,25.0,0.3344,0.9084,-0.0625,68.0,-0.0625,68.0,0.0,0.9084,0.01,0.17,0.01,resolution,0.0,0.0,0.0,45.5,0.0,0,81561.36,-0.0584,True,45.5,binance_fallback,not_attempted,20.45,81.82,20.5
1778139081.6978939,1778139000,03:30,63,UP,0.55,45.5,25.0,0.2721,0.8011,0.0711,218.3,0.0711,218.3,0.0,0.99,0.7564,0.99,0.76,resolution,0.0,0.0,0.0,45.5,0.0,0,81667.67,0.1303,True,45.5,binance_fallback,not_attempted,20.45,81.82,20.5
1778139508.7310514,1778139300,03:35,64,DOWN,0.55,45.5,25.0,0.3678,0.9378,-0.0659,91.3,-0.0659,91.3,0.0,0.9378,0.01,0.16,0.01,resolution,0.0,0.0,0.0,45.5,0.0,0,81622.14,-0.0558,True,45.5,binance_fallback,not_attempted,20.45,81.82,20.5
1778140149.4609926,1778139900,03:45,65,DOWN,0.55,45.5,25.0,0.3994,0.9884,-0.0706,50.5,-0.0706,50.5,0.0,0.9884,0.01,0.17,0.01,resolution,0.0,0.0,0.0,45.5,0.0,0,81529.58,-0.0717,True,45.5,binance_fallback,not_attempted,20.45,81.82,20.5
1778140446.7152355,1778140200,03:50,66,DOWN,0.55,45.5,25.0,0.3944,0.9704,-0.0602,53.3,-0.0602,53.3,0.0,0.9704,0.01,0.12,0.01,resolution,0.0,0.0,0.0,45.5,0.0,0,81469.34,-0.0739,True,45.5,binance_fallback,not_attempted,20.45,81.82,20.5
1778140750.6792316,1778140500,03:55,67,UP,0.55,45.5,25.0,0.4002,0.9832,0.065,49.3,0.065,49.3,0.0,0.99,0.9093,0.99,0.91,resolution,0.0,0.0,0.0,45.5,0.0,0,81518.57,0.0604,True,45.5,binance_fallback,not_attempted,20.45,81.82,20.5
1778140860.0507364,1778140800,04:00,68,DOWN,0.55,45.5,25.0,0.3426,0.8646,-0.0743,240.0,-0.0743,240.0,0.0,0.8646,0.01,0.47,0.01,resolution,0.0,0.0,0.0,45.5,0.0,0,81538.69,0.0247,False,0.0,binance_fallback,not_attempted,-25.0,-100.0,-25.0
1778141360.1626396,1778141100,04:05,69,UP,0.55,45.5,25.0,0.406,0.987,0.0608,39.8,0.0608,39.8,0.0,0.99,0.9182,0.99,0.92,resolution,0.0,0.0,0.0,45.5,0.0,0,81583.6,0.0551,True,45.5,binance_fallback,not_attempted,20.45,81.82,20.5
1778141460.0681958,1778141400,04:10,70,DOWN,0.55,45.5,25.0,0.4137,0.9437,-0.1021,239.9,-0.1021,239.9,0.0,0.9437,0.01,0.24,0.01,resolution,0.0,0.0,0.0,45.5,0.0,0,81508.85,-0.0916,True,45.5,binance_fallback,not_attempted,20.45,81.82,20.5
1778141921.0297837,1778141700,04:15,71,DOWN,0.55,45.5,25.0,0.4083,0.9783,-0.0622,79.0,-0.0622,79.0,0.0,0.9783,0.01,0.13,0.01,resolution,0.0,0.0,0.0,45.5,0.0,0,81397.98,-0.136,True,45.5,binance_fallback,not_attempted,20.45,81.82,20.5
1778142081.816294,1778142000,04:20,72,DOWN,0.55,45.5,25.0,0.3572,0.8822,-0.0607,218.2,-0.0607,218.2,0.0,0.8822,0.0538,0.49,0.05,resolution,0.0,0.0,0.0,45.5,0.0,0,81412.23,0.0175,False,0.0,binance_fallback,not_attempted,-25.0,-100.0,-25.0
1778142690.166364,1778142600,04:30,73,UP,0.55,45.5,25.0,0.3628,0.8908,0.0618,209.8,0.0618,209.8,0.0,0.99,0.5205,0.99,0.52,resolution,0.0,0.0,0.0,45.5,0.0,0,81346.26,-0.0894,False,0.0,binance_fallback,not_attempted,-25.0,-100.0,-25.0
1778143119.7841961,1778142900,04:35,74,DOWN,0.55,45.5,25.0,0.4108,0.9878,-0.0698,80.2,-0.0698,80.2,0.0,0.9878,0.0191,0.16,0.02,resolution,0.0,0.0,0.0,45.5,0.0,0,81330.29,-0.0196,True,45.5,binance_fallback,not_attempted,20.45,81.82,20.5
1778143315.9275236,1778143200,04:40,75,DOWN,0.55,45.5,25.0,0.3849,0.9239,-0.0673,184.1,-0.0673,184.1,0.0,0.9239,0.01,0.24,0.01,resolution,0.0,0.0,0.0,45.5,0.0,0,81256.52,-0.0907,True,45.5,binance_fallback,not_attempted,20.45,81.82,20.5
1778143625.8519495,1778143500,04:45,76,DOWN,0.55,45.5,25.0,0.3712,0.9102,-0.0614,174.2,-0.0614,174.2,0.0,0.9102,0.0885,0.35,0.09,resolution,0.0,0.0,0.0,45.5,0.0,0,81259.36,0.0035,False,0.0,binance_fallback,not_attempted,-25.0,-100.0,-25.0
1778144000.3815496,1778143800,04:50,77,UP,0.55,45.5,25.0,0.3996,0.9616,0.0612,99.6,0.0612,99.6,0.0,0.99,0.6454,0.99,0.65,resolution,0.0,0.0,0.0,45.5,0.0,0,81279.88,0.0253,True,45.5,binance_fallback,not_attempted,20.45,81.82,20.5
1778144172.763276,1778144100,04:55,78,DOWN,0.55,45.5,25.0,0.3546,0.8766,-0.0605,227.2,-0.0605,227.2,0.0,0.8766,0.01,0.28,0.01,resolution,0.0,0.0,0.0,45.5,0.0,0,81231.25,-0.0598,True,45.5,binance_fallback,not_attempted,20.45,81.82,20.5
1778144460.054939,1778144400,05:00,79,DOWN,0.55,45.5,25.0,0.3923,0.9143,-0.0734,239.9,-0.0734,239.9,0.0,0.9143,0.01,0.44,0.01,resolution,0.0,0.0,0.0,45.5,0.0,0,81134.44,-0.1192,True,45.5,binance_fallback,not_attempted,20.45,81.82,20.5
1778145660.0650811,1778145600,05:20,80,DOWN,0.55,45.5,25.0,0.3709,0.8909,-0.0661,239.9,-0.0661,239.9,0.0,0.8909,0.01,0.27,0.01,resolution,0.0,0.0,0.0,45.5,0.0,0,81081.99,-0.1222,True,45.5,binance_fallback,not_attempted,20.45,81.82,20.5
1778146064.74696,1778145900,05:25,81,DOWN,0.55,45.5,25.0,0.3935,0.9485,-0.0657,135.3,-0.0657,135.3,0.0,0.9485,0.01,0.21,0.01,resolution,0.0,0.0,0.0,45.5,0.0,0,81037.93,-0.0543,True,45.5,binance_fallback,not_attempted,20.45,81.82,20.5
1778146285.217899,1778146200,05:30,82,UP,0.55,45.5,25.0,0.3619,0.8889,0.062,214.8,0.062,214.8,0.0,0.99,0.5091,0.99,0.51,resolution,0.0,0.0,0.0,45.5,0.0,0,81079.44,0.0512,True,45.5,binance_fallback,not_attempted,20.45,81.82,20.5
1778146599.1407008,1778146500,05:35,83,DOWN,0.55,45.5,25.0,0.3698,0.9018,-0.0634,200.9,-0.0634,200.9,0.0,0.9018,0.01,0.28,0.01,resolution,0.0,0.0,0.0,45.5,0.0,0,80920.01,-0.1966,True,45.5,binance_fallback,not_attempted,20.45,81.82,20.5
1778146880.0682476,1778146800,05:40,84,UP,0.55,45.5,25.0,0.3632,0.8882,0.0625,219.9,0.0625,219.9,0.0,0.99,0.5019,0.99,0.5,resolution,0.0,0.0,0.0,45.5,0.0,0,80894.63,-0.0314,False,0.0,binance_fallback,not_attempted,-25.0,-100.0,-25.0
1778147363.2111003,1778147100,05:45,85,UP,0.55,45.5,25.0,0.408,0.99,0.061,36.8,0.061,36.8,0.0,0.99,0.9268,0.99,0.93,resolution,0.0,0.0,0.0,45.5,0.0,0,80960.93,0.082,True,45.5,binance_fallback,not_attempted,20.45,81.82,20.5
1778147460.1049654,1778147400,05:50,86,DOWN,0.55,45.5,25.0,0.3555,0.8745,-0.0616,239.9,-0.0616,239.9,0.0,0.8745,0.01,0.41,0.01,resolution,0.0,0.0,0.0,45.5,0.0,0,80940.22,-0.0256,True,45.5,binance_fallback,not_attempted,20.45,81.82,20.5
1778148197.864027,1778148000,06:00,87,UP,0.55,45.5,25.0,0.4033,0.9693,0.0655,102.1,0.0655,102.1,0.0,0.99,0.8032,0.99,0.8,resolution,0.0,0.0,0.0,45.5,0.0,0,80964.36,0.0437,True,45.5,binance_fallback,not_attempted,20.45,81.82,20.5
1778148711.1994572,1778148600,06:10,88,DOWN,0.55,45.5,25.0,0.3743,0.9103,-0.0639,188.8,-0.0639,188.8,0.0,0.9103,0.01,0.25,0.01,resolution,0.0,0.0,0.0,45.5,0.0,0,80882.86,-0.0893,True,45.5,binance_fallback,not_attempted,20.45,81.82,20.5
1778149035.3898606,1778148900,06:15,89,UP,0.55,45.5,25.0,0.3941,0.9421,0.0699,164.6,0.0699,164.6,0.0,0.9421,0.5157,0.9,0.52,resolution,0.0,0.0,0.0,45.5,0.0,0,80872.75,-0.0125,False,0.0,binance_fallback,not_attempted,-25.0,-100.0,-25.0
1778149474.0884078,1778149200,06:20,90,DOWN,0.55,45.5,25.0,0.403,0.99,-0.0628,25.9,-0.0628,25.9,0.0,0.99,0.01,0.02,0.01,resolution,0.0,0.0,0.0,45.5,0.0,0,80800.0,-0.09,True,45.5,binance_fallback,not_attempted,20.45,81.82,20.5
1778149616.7177083,1778149500,06:25,91,DOWN,0.55,45.5,25.0,0.3717,0.9087,-0.0625,183.3,-0.0625,183.3,0.0,0.9087,0.01,0.28,0.01,resolution,0.0,0.0,0.0,45.5,0.0,0,80614.46,-0.2296,True,45.5,binance_fallback,not_attempted,20.45,81.82,20.5
1778149860.080427,1778149800,06:30,92,UP,0.55,45.5,25.0,0.3919,0.9189,0.0898,239.9,0.0898,239.9,0.0,0.99,0.7414,0.99,0.74,resolution,0.0,0.0,0.0,45.5,0.0,0,80704.77,0.112,True,45.5,binance_fallback,not_attempted,20.45,81.82,20.5
1778150184.7316601,1778150100,06:35,93,UP,0.55,45.5,25.0,0.3309,0.8589,0.0658,215.3,0.0658,215.3,0.0,0.99,0.7017,0.99,0.7,resolution,0.0,0.0,0.0,45.5,0.0,0,80807.03,0.1267,True,45.5,binance_fallback,not_attempted,20.45,81.82,20.5
1778150509.377319,1778150400,06:40,94,UP,0.55,45.5,25.0,0.3581,0.8941,0.0639,190.6,0.0639,190.6,0.0,0.99,0.6239,0.99,0.62,resolution,0.0,0.0,0.0,45.5,0.0,0,80881.08,0.0916,True,45.5,binance_fallback,not_attempted,20.45,81.82,20.5
1778150948.7935698,1778150700,06:45,95,DOWN,0.55,45.5,25.0,0.413,0.99,-0.0607,51.2,-0.0607,51.2,0.0,0.99,0.01,0.11,0.01,resolution,0.0,0.0,0.0,45.5,0.0,0,80827.09,-0.0668,True,45.5,binance_fallback,not_attempted,20.45,81.82,20.5
1778151767.5034406,1778151600,07:00,96,UP,0.55,45.5,25.0,0.3954,0.9574,0.0732,132.5,0.0732,132.5,0.0,0.99,0.7801,0.99,0.78,resolution,0.0,0.0,0.0,45.5,0.0,0,80965.3,0.1417,True,45.5,binance_fallback,not_attempted,20.45,81.82,20.5
1778151960.0958464,1778151900,07:05,97,UP,0.55,45.5,25.0,0.3446,0.8646,0.0648,239.9,0.0648,239.9,0.0,0.99,0.5462,0.99,0.55,resolution,0.0,0.0,0.0,45.5,0.0,0,80986.72,0.0265,True,45.5,binance_fallback,not_attempted,20.45,81.82,20.5
1778152260.0245512,1778152200,07:10,98,DOWN,0.55,45.5,25.0,0.3869,0.9099,-0.0773,240.0,-0.0773,240.0,0.0,0.9099,0.01,0.38,0.01,resolution,0.0,0.0,0.0,45.5,0.0,0,80948.96,-0.0466,True,45.5,binance_fallback,not_attempted,20.45,81.82,20.5
1778152644.3251374,1778152500,07:15,99,DOWN,0.55,45.5,25.0,0.3847,0.9377,-0.0723,155.7,-0.0723,155.7,0.0,0.9377,0.01,0.39,0.01,resolution,0.0,0.0,0.0,45.5,0.0,0,80901.09,-0.0591,True,45.5,binance_fallback,not_attempted,20.45,81.82,20.5
1778153041.3473825,1778152800,07:20,100,UP,0.55,45.5,25.0,0.4122,0.9862,0.0606,58.7,0.0606,58.7,0.0,0.99,0.8734,0.99,0.87,resolution,0.0,0.0,0.0,45.5,0.0,0,80991.97,0.1123,True,45.5,binance_fallback,not_attempted,20.45,81.82,20.5
1778153201.3289585,1778153100,07:25,101,DOWN,0.55,45.5,25.0,0.3627,0.8957,-0.0642,198.7,-0.0642,198.7,0.0,0.8957,0.01,0.22,0.01,resolution,0.0,0.0,0.0,45.5,0.0,0,80896.88,-0.1174,True,45.5,binance_fallback,not_attempted,20.45,81.82,20.5
1778153510.313165,1778153400,07:30,102,UP,0.55,45.5,25.0,0.3785,0.9155,0.0656,189.7,0.0656,189.7,0.0,0.99,0.7006,0.99,0.7,resolution,0.0,0.0,0.0,45.5,0.0,0,80964.53,0.0836,True,45.5,binance_fallback,not_attempted,20.45,81.82,20.5
1778154503.0393806,1778154300,07:45,103,DOWN,0.55,45.5,25.0,0.4034,0.9684,-0.0634,97.0,-0.0634,97.0,0.0,0.9684,0.01,0.18,0.01,resolution,0.0,0.0,0.0,45.5,0.0,0,80866.8,-0.1447,True,45.5,binance_fallback,not_attempted,20.45,81.82,20.5
1778154660.0132518,1778154600,07:50,104,DOWN,0.55,45.5,25.0,0.3939,0.9159,-0.0739,240.0,-0.0739,240.0,0.0,0.9159,0.01,0.42,0.01,resolution,0.0,0.0,0.0,45.5,0.0,0,80859.5,-0.009,True,45.5,binance_fallback,not_attempted,20.45,81.82,20.5
1778155397.5218747,1778155200,08:00,105,UP,0.55,45.5,25.0,0.4032,0.9692,0.0655,102.5,0.0655,102.5,0.0,0.99,0.8251,0.99,0.83,resolution,0.0,0.0,0.0,45.5,0.0,0,80980.89,0.1413,True,45.5,binance_fallback,not_attempted,20.45,81.82,20.5
1778155600.5627549,1778155500,08:05,106,DOWN,0.55,45.5,25.0,0.365,0.897,-0.0619,199.4,-0.0619,199.4,0.0,0.897,0.0193,0.33,0.02,resolution,0.0,0.0,0.0,45.5,0.0,0,80978.37,-0.0031,True,45.5,binance_fallback,not_attempted,20.45,81.82,20.5
1778155897.132092,1778155800,08:10,107,UP,0.55,45.5,25.0,0.3674,0.8984,0.0628,202.9,0.0628,202.9,0.0,0.99,0.7391,0.99,0.74,resolution,0.0,0.0,0.0,45.5,0.0,0,81080.0,0.1255,True,45.5,binance_fallback,not_attempted,20.45,81.82,20.5
1778156239.4806743,1778156100,08:15,108,DOWN,0.55,45.5,25.0,0.376,0.92,-0.0617,160.5,-0.0617,160.5,0.0,0.92,0.01,0.36,0.01,resolution,0.0,0.0,0.0,45.5,0.0,0,80992.55,-0.1079,True,45.5,binance_fallback,not_attempted,20.45,81.82,20.5
1778156801.3551433,1778156700,08:25,109,UP,0.55,45.5,25.0,0.3837,0.9187,0.0682,198.6,0.0682,198.6,0.0,0.99,0.6579,0.99,0.66,resolution,0.0,0.0,0.0,45.5,0.0,0,81062.0,0.0691,True,45.5,binance_fallback,not_attempted,20.45,81.82,20.5
1778158367.9103057,1778158200,08:50,110,UP,0.55,45.5,25.0,0.3838,0.9358,0.0605,132.1,0.0605,132.1,0.0,0.99,0.7766,0.99,0.78,resolution,0.0,0.0,0.0,45.5,0.0,0,81160.84,0.1269,True,45.5,binance_fallback,not_attempted,20.45,81.82,20.5
1778158627.6415575,1778158500,08:55,111,DOWN,0.55,45.5,25.0,0.3753,0.9163,-0.0628,172.4,-0.0628,172.4,0.0,0.9163,0.2431,0.5,0.24,resolution,0.0,0.0,0.0,45.5,0.0,0,81162.01,0.0014,False,0.0,binance_fallback,not_attempted,-25.0,-100.0,-25.0
1778158860.082293,1778158800,09:00,112,DOWN,0.55,45.5,25.0,0.4253,0.9513,-0.089,239.9,-0.089,239.9,0.0,0.9513,0.01,0.49,0.01,resolution,0.0,0.0,0.0,45.5,0.0,0,81108.12,-0.0664,True,45.5,binance_fallback,not_attempted,20.45,81.82,20.5
1778159219.8738804,1778159100,09:05,113,DOWN,0.55,45.5,25.0,0.3701,0.9081,-0.0618,180.1,-0.0618,180.1,0.0,0.9081,0.01,0.25,0.01,resolution,0.0,0.0,0.0,45.5,0.0,0,81022.21,-0.1059,True,45.5,binance_fallback,not_attempted,20.45,81.82,20.5
1778159599.8345897,1778159400,09:10,114,DOWN,0.55,45.5,25.0,0.4003,0.9643,-0.0625,100.2,-0.0625,100.2,0.0,0.9643,0.01,0.18,0.01,resolution,0.0,0.0,0.0,45.5,0.0,0,80931.73,-0.1117,True,45.5,binance_fallback,not_attempted,20.45,81.82,20.5
1778159760.0360162,1778159700,09:15,115,DOWN,0.55,45.5,25.0,0.3642,0.8832,-0.0639,240.0,-0.0639,240.0,0.0,0.8832,0.01,0.5,0.01,resolution,0.0,0.0,0.0,45.5,0.0,0,81053.12,0.15,False,0.0,binance_fallback,not_attempted,-25.0,-100.0,-25.0
1778160109.3627186,1778160000,09:20,116,UP,0.55,45.5,25.0,0.3839,0.9219,0.0678,190.6,0.0678,190.6,0.0,0.99,0.7121,0.99,0.71,resolution,0.0,0.0,0.0,45.5,0.0,0,81095.68,0.0525,True,45.5,binance_fallback,not_attempted,20.45,81.82,20.5
1778160360.0797877,1778160300,09:25,117,DOWN,0.55,45.5,25.0,0.448,0.98,-0.1102,239.9,-0.1102,239.9,0.0,0.98,0.01,0.16,0.01,resolution,0.0,0.0,0.0,45.5,0.0,0,80964.26,-0.1621,True,45.5,binance_fallback,not_attempted,20.45,81.82,20.5
1778160665.289547,1778160600,09:30,118,DOWN,0.55,45.5,25.0,0.3747,0.8967,-0.067,234.7,-0.067,234.7,0.0,0.8967,0.01,0.4,0.01,resolution,0.0,0.0,0.0,45.5,0.0,0,80815.21,-0.1841,True,45.5,binance_fallback,not_attempted,20.45,81.82,20.5
1778160983.0586057,1778160900,09:35,119,DOWN,0.55,45.5,25.0,0.3372,0.8632,-0.0609,216.9,-0.0609,216.9,0.0,0.8632,0.01,0.29,0.01,resolution,0.0,0.0,0.0,45.5,0.0,0,80694.27,-0.1497,True,45.5,binance_fallback,not_attempted,20.45,81.82,20.5
1778161267.4328501,1778161200,09:40,120,DOWN,0.55,45.5,25.0,0.3516,0.8736,-0.0654,232.6,-0.0654,232.6,0.0,0.8736,0.01,0.5,0.01,resolution,0.0,0.0,0.0,45.5,0.0,0,80579.17,-0.1426,True,45.5,binance_fallback,not_attempted,20.45,81.82,20.5
1778161560.0594277,1778161500,09:45,121,DOWN,0.55,45.5,25.0,0.4454,0.9764,-0.1065,239.9,-0.1065,239.9,0.0,0.9764,0.01,0.47,0.01,resolution,0.0,0.0,0.0,45.5,0.0,0,80324.67,-0.3158,True,45.5,binance_fallback,not_attempted,20.45,81.82,20.5
1778161879.749011,1778161800,09:50,122,DOWN,0.55,45.5,25.0,0.2976,0.8226,-0.0618,220.3,-0.0618,220.3,0.0,0.8226,0.01,0.45,0.01,resolution,0.0,0.0,0.0,45.5,0.0,0,80482.92,0.197,False,0.0,binance_fallback,not_attempted,-25.0,-100.0,-25.0
1778162197.193727,1778162100,09:55,123,UP,0.55,45.5,25.0,0.3088,0.8418,0.0661,202.8,0.0661,202.8,0.0,0.99,0.6398,0.99,0.64,resolution,0.0,0.0,0.0,45.5,0.0,0,80503.68,0.0258,True,45.5,binance_fallback,not_attempted,20.45,81.82,20.5
1778162662.0247467,1778162400,10:00,124,DOWN,0.55,45.5,25.0,0.4056,0.9866,-0.0605,38.0,-0.0605,38.0,0.0,0.9866,0.01,0.07,0.01,resolution,0.0,0.0,0.0,45.5,0.0,0,80438.61,-0.0808,True,45.5,binance_fallback,not_attempted,20.45,81.82,20.5
1778162951.3611653,1778162700,10:05,125,UP,0.55,45.5,25.0,0.4004,0.9804,0.0628,48.6,0.0628,48.6,0.0,0.99,0.9035,0.99,0.9,resolution,0.0,0.0,0.0,45.5,0.0,0,80509.99,0.0887,True,45.5,binance_fallback,not_attempted,20.45,81.82,20.5
1778163064.7846127,1778163000,10:10,126,UP,0.55,45.5,25.0,0.3088,0.8298,0.0646,235.2,0.0646,235.2,0.0,0.99,0.7284,0.99,0.73,resolution,0.0,0.0,0.0,45.5,0.0,0,80670.47,0.1993,True,45.5,binance_fallback,not_attempted,20.45,81.82,20.5
1778163360.218286,1778163300,10:15,127,DOWN,0.55,45.5,25.0,0.3254,0.8474,-0.0714,239.8,-0.0714,239.8,0.0,0.8474,0.01,0.27,0.01,resolution,0.0,0.0,0.0,45.5,0.0,0,80467.46,-0.2517,True,45.5,binance_fallback,not_attempted,20.45,81.82,20.5
1778163865.1282847,1778163600,10:20,128,UP,0.55,45.5,25.0,0.4014,0.9874,0.0639,34.9,0.0639,34.9,0.0,0.99,0.9583,0.99,0.96,resolution,0.0,0.0,0.0,45.5,0.0,0,80525.3,0.0719,True,45.5,binance_fallback,not_attempted,20.45,81.82,20.5
1778163960.0146823,1778163900,10:25,129,DOWN,0.55,45.5,25.0,0.3649,0.8919,-0.0904,240.0,-0.0904,240.0,0.0,0.8919,0.01,0.5,0.01,resolution,0.0,0.0,0.0,45.5,0.0,0,80400.5,-0.155,True,45.5,binance_fallback,not_attempted,20.45,81.82,20.5
1778164271.0855424,1778164200,10:30,130,DOWN,0.55,45.5,25.0,0.278,0.8,-0.0601,228.9,-0.0601,228.9,0.0,0.8,0.01,0.28,0.01,resolution,0.0,0.0,0.0,45.5,0.0,0,80198.83,-0.2508,True,45.5,binance_fallback,not_attempted,20.45,81.82,20.5
1778164632.3231156,1778164500,10:35,131,DOWN,0.55,45.5,25.0,0.2945,0.8365,-0.063,167.7,-0.063,167.7,0.0,0.8365,0.01,0.39,0.01,resolution,0.0,0.0,0.0,45.5,0.0,0,80139.51,-0.074,True,45.5,binance_fallback,not_attempted,20.45,81.82,20.5
1778164873.7227921,1778164800,10:40,132,DOWN,0.55,45.5,25.0,0.3003,0.8273,-0.0734,226.3,-0.0734,226.3,0.0,0.8273,0.01,0.5,0.01,resolution,0.0,0.0,0.0,45.5,0.0,0,80148.0,0.0106,False,0.0,binance_fallback,not_attempted,-25.0,-100.0,-25.0
1778165201.864031,1778165100,10:45,133,UP,0.55,45.5,25.0,0.2764,0.8134,0.0715,198.1,0.0715,198.1,0.0,0.99,0.5036,0.99,0.5,resolution,0.0,0.0,0.0,45.5,0.0,0,80215.05,0.0837,True,45.5,binance_fallback,not_attempted,20.45,81.82,20.5
1778165467.199128,1778165400,10:50,134,UP,0.55,45.5,25.0,0.3011,0.8241,0.0685,232.8,0.0685,232.8,0.0,0.99,0.6173,0.99,0.62,resolution,0.0,0.0,0.0,45.5,0.0,0,80260.01,0.056,True,45.5,binance_fallback,not_attempted,20.45,81.82,20.5
1778165812.9331822,1778165700,10:55,135,DOWN,0.55,45.5,25.0,0.3109,0.8489,-0.067,187.1,-0.067,187.1,0.0,0.8489,0.01,0.28,0.01,resolution,0.0,0.0,0.0,45.5,0.0,0,80171.38,-0.1104,True,45.5,binance_fallback,not_attempted,20.45,81.82,20.5
1778166060.0665593,1778166000,11:00,136,DOWN,0.55,45.5,25.0,0.3661,0.8911,-0.0856,239.9,-0.0856,239.9,0.0,0.8911,0.01,0.5,0.01,resolution,0.0,0.0,0.0,45.5,0.0,0,80139.49,-0.0398,True,45.5,binance_fallback,not_attempted,20.45,81.82,20.5
1778166360.092293,1778166300,11:05,137,DOWN,0.55,45.5,25.0,0.3086,0.8296,-0.0685,239.9,-0.0685,239.9,0.0,0.8296,0.01,0.5,0.01,resolution,0.0,0.0,0.0,45.5,0.0,0,80268.7,0.1612,False,0.0,binance_fallback,not_attempted,-25.0,-100.0,-25.0
1778166663.395694,1778166600,11:10,138,DOWN,0.55,45.5,25.0,0.2809,0.8009,-0.0607,236.6,-0.0607,236.6,0.0,0.8009,0.01,0.35,0.01,resolution,0.0,0.0,0.0,45.5,0.0,0,80162.33,-0.1325,True,45.5,binance_fallback,not_attempted,20.45,81.82,20.5
1778167087.819738,1778166900,11:15,139,DOWN,0.55,45.5,25.0,0.3525,0.9145,-0.0647,112.2,-0.0647,112.2,0.0,0.9145,0.01,0.19,0.01,resolution,0.0,0.0,0.0,45.5,0.0,0,79980.21,-0.2272,True,45.5,binance_fallback,not_attempted,20.45,81.82,20.5
1778167260.0190039,1778167200,11:20,140,DOWN,0.55,45.5,25.0,0.3104,0.8294,-0.0627,240.0,-0.0627,240.0,0.0,0.8294,0.01,0.27,0.01,resolution,0.0,0.0,0.0,45.5,0.0,0,79834.87,-0.1817,True,45.5,binance_fallback,not_attempted,20.45,81.82,20.5
1778167567.3476918,1778167500,11:25,141,UP,0.55,45.5,25.0,0.3486,0.8746,0.0756,232.7,0.0756,232.7,0.0,0.99,0.5033,0.99,0.5,resolution,0.0,0.0,0.0,45.5,0.0,0,79849.99,0.0189,True,45.5,binance_fallback,not_attempted,20.45,81.82,20.5
1778167860.1021428,1778167800,11:30,142,UP,0.55,45.5,25.0,0.2913,0.8103,0.0626,239.9,0.0626,239.9,0.0,0.99,0.7024,0.99,0.7,resolution,0.0,0.0,0.0,45.5,0.0,0,79976.96,0.159,True,45.5,binance_fallback,not_attempted,20.45,81.82,20.5
1778168177.005042,1778168100,11:35,143,UP,0.55,45.5,25.0,0.3574,0.8854,0.0713,223.0,0.0713,223.0,0.0,0.976,0.5247,0.98,0.52,resolution,0.0,0.0,0.0,45.5,0.0,0,79968.06,-0.0111,False,0.0,binance_fallback,not_attempted,-25.0,-100.0,-25.0
1778168565.0364234,1778168400,11:40,144,UP,0.55,45.5,25.0,0.3423,0.8943,0.0617,135.0,0.0617,135.0,0.0,0.9413,0.5605,0.94,0.56,resolution,0.0,0.0,0.0,45.5,0.0,0,79972.02,0.005,True,45.5,binance_fallback,not_attempted,20.45,81.82,20.5
1778169482.7340546,1778169300,11:55,1,DOWN,0.55,28.3,15.55,0.2687,0.8367,-0.0736,117.3,-0.0736,117.3,0.0,0.8367,0.01,0.16,0.01,resolution,0.0,0.0,0.0,28.3,0.0,0,79885.61,-0.0916,True,28.3,binance_fallback,not_attempted,12.72,81.82,12.75
1778169803.602495,1778169600,12:00,2,UP,0.55,32.9,18.07,0.2518,0.8148,0.0609,96.4,0.0609,96.4,0.0,0.99,0.5233,0.99,0.52,resolution,0.0,0.0,0.0,32.9,0.0,0,79850.0,-0.0446,False,0.0,binance_fallback,not_attempted,-18.07,-100.0,-18.07
1778170006.5680072,1778169900,12:05,3,DOWN,0.55,23.0,12.63,0.2586,0.8016,-0.0817,193.4,-0.0817,193.4,0.0,0.8016,0.01,0.23,0.01,resolution,0.0,0.0,0.0,23.0,0.0,0,79841.11,-0.0111,True,23.0,binance_fallback,not_attempted,10.33,81.82,10.37
1778170283.8509066,1778170200,12:10,4,DOWN,0.55,28.5,15.65,0.2641,0.8001,-0.0858,216.2,-0.0858,216.2,0.0,0.8001,0.0559,0.37,0.06,resolution,0.0,0.0,0.0,28.5,0.0,0,79837.61,-0.0044,True,28.5,binance_fallback,not_attempted,12.8,81.82,12.85
1778170560.056895,1778170500,12:15,5,DOWN,0.55,38.7,21.28,0.2957,0.8247,-0.1002,239.9,-0.1002,239.9,0.0,0.8247,0.01,0.26,0.01,resolution,0.0,0.0,0.0,38.7,0.0,0,79747.98,-0.1123,True,38.7,binance_fallback,not_attempted,17.41,81.82,17.42
1778170860.0223742,1778170800,12:20,6,UP,0.55,45.5,25.0,0.2851,0.8131,0.0955,240.0,0.0955,240.0,0.0,0.99,0.7424,0.99,0.74,resolution,0.0,0.0,0.0,45.5,0.0,0,79909.49,0.2025,True,45.5,binance_fallback,not_attempted,20.45,81.82,20.5
1778171160.0258772,1778171100,12:25,7,UP,0.55,45.5,25.0,0.2982,0.8162,0.0602,240.0,0.0602,240.0,0.0,0.99,0.6937,0.99,0.69,resolution,0.0,0.0,0.0,45.5,0.0,0,79987.42,0.0975,True,45.5,binance_fallback,not_attempted,20.45,81.82,20.5
1778171657.9087589,1778171400,12:30,8,DOWN,0.55,45.5,25.0,0.407,0.99,-0.0637,42.1,-0.0637,42.1,0.0,0.99,0.01,0.08,0.01,resolution,0.0,0.0,0.0,45.5,0.0,0,79893.23,-0.1178,True,45.5,binance_fallback,not_attempted,20.45,81.82,20.5
1778171760.080191,1778171700,12:35,9,DOWN,0.55,45.5,25.0,0.4108,0.9368,-0.0886,239.9,-0.0886,239.9,0.0,0.9368,0.01,0.24,0.01,resolution,0.0,0.0,0.0,45.5,0.0,0,79813.33,-0.1,True,45.5,binance_fallback,not_attempted,20.45,81.82,20.5
1778172188.8232474,1778172000,12:40,10,UP,0.55,45.5,25.0,0.3909,0.9489,0.0605,111.2,0.0605,111.2,0.0,0.99,0.6875,0.99,0.69,resolution,0.0,0.0,0.0,45.5,0.0,0,79891.0,0.0973,True,45.5,binance_fallback,not_attempted,20.45,81.82,20.5
1778172453.5845232,1778172300,12:45,11,UP,0.55,45.5,25.0,0.3912,0.9432,0.0663,146.4,0.0663,146.4,0.0,0.99,0.551,0.99,0.55,resolution,0.0,0.0,0.0,45.5,0.0,0,79908.53,0.0219,True,45.5,binance_fallback,not_attempted,20.45,81.82,20.5
1778172678.145439,1778172600,12:50,12,DOWN,0.55,45.5,25.0,0.3588,0.8828,-0.0613,221.9,-0.0613,221.9,0.0,0.8828,0.01,0.38,0.01,resolution,0.0,0.0,0.0,45.5,0.0,0,79870.76,-0.0473,True,45.5,binance_fallback,not_attempted,20.45,81.82,20.5
1778173008.7466733,1778172900,12:55,13,DOWN,0.55,45.5,25.0,0.3692,0.9042,-0.0626,191.3,-0.0626,191.3,0.0,0.9042,0.01,0.26,0.01,resolution,0.0,0.0,0.0,45.5,0.0,0,79801.08,-0.0872,True,45.5,binance_fallback,not_attempted,20.45,81.82,20.5
1778173369.0923798,1778173200,13:00,14,UP,0.55,45.5,25.0,0.4031,0.9631,0.0708,130.9,0.0708,130.9,0.0,0.99,0.7495,0.99,0.75,resolution,0.0,0.0,0.0,45.5,0.0,0,79832.83,0.0398,True,45.5,binance_fallback,not_attempted,20.45,81.82,20.5
1778173592.5070338,1778173500,13:05,15,UP,0.55,45.5,25.0,0.3616,0.8906,0.0614,207.5,0.0614,207.5,0.0,0.99,0.7307,0.99,0.73,resolution,0.0,0.0,0.0,45.5,0.0,0,79846.77,0.0175,True,45.5,binance_fallback,not_attempted,20.45,81.82,20.5
1778174200.9076817,1778174100,13:15,16,DOWN,0.55,45.5,25.0,0.3805,0.9145,-0.0669,199.1,-0.0669,199.1,0.0,0.9145,0.01,0.25,0.01,resolution,0.0,0.0,0.0,45.5,0.0,0,79731.96,-0.2002,True,45.5,binance_fallback,not_attempted,20.45,81.82,20.5
1778174523.120286,1778174400,13:20,17,UP,0.55,45.5,25.0,0.3614,0.8994,0.06,176.9,0.06,176.9,0.0,0.99,0.7427,0.99,0.74,resolution,0.0,0.0,0.0,45.5,0.0,0,79867.55,0.1701,True,45.5,binance_fallback,not_attempted,20.45,81.82,20.5
1778174760.0184216,1778174700,13:25,18,DOWN,0.55,45.5,25.0,0.452,0.99,-0.1411,240.0,-0.1411,240.0,0.0,0.99,0.01,0.09,0.01,resolution,0.0,0.0,0.0,45.5,0.0,0,79685.71,-0.2277,True,45.5,binance_fallback,not_attempted,20.45,81.82,20.5
1778175060.0472841,1778175000,13:30,19,UP,0.55,45.5,25.0,0.3186,0.8376,0.0611,240.0,0.0611,240.0,0.0,0.99,0.5037,0.99,0.5,resolution,0.0,0.0,0.0,45.5,0.0,0,79774.18,0.111,True,45.5,binance_fallback,not_attempted,20.45,81.82,20.5
1778175428.058038,1778175300,13:35,20,UP,0.55,45.5,25.0,0.3436,0.8846,0.0628,171.9,0.0628,171.9,0.0,0.99,0.7089,0.99,0.71,resolution,0.0,0.0,0.0,45.5,0.0,0,79863.38,0.1118,True,45.5,binance_fallback,not_attempted,20.45,81.82,20.5
1778175697.5967045,1778175600,13:40,21,UP,0.55,45.5,25.0,0.3247,0.8547,0.0602,202.4,0.0602,202.4,0.0,0.99,0.5879,0.99,0.59,resolution,0.0,0.0,0.0,45.5,0.0,0,79880.01,0.0208,True,45.5,binance_fallback,not_attempted,20.45,81.82,20.5
1778175983.0388224,1778175900,13:45,22,UP,0.55,45.5,25.0,0.3119,0.8379,0.0611,217.0,0.0611,217.0,0.0,0.9654,0.5023,0.97,0.5,resolution,0.0,0.0,0.0,45.5,0.0,0,79869.99,-0.0125,False,0.0,binance_fallback,not_attempted,-25.0,-100.0,-25.0
1778176284.6849506,1778176200,13:50,23,UP,0.55,45.5,25.0,0.328,0.857,0.0667,215.3,0.0667,215.3,0.0,0.99,0.5205,0.99,0.52,resolution,0.0,0.0,0.0,45.5,0.0,0,79932.68,0.0785,True,45.5,binance_fallback,not_attempted,20.45,81.82,20.5
1778176593.1497655,1778176500,13:55,24,UP,0.55,45.5,25.0,0.3488,0.8828,0.0717,206.9,0.0717,206.9,0.0,0.99,0.7878,0.99,0.79,resolution,0.0,0.0,0.0,45.5,0.0,0,80094.53,0.2025,True,45.5,binance_fallback,not_attempted,20.45,81.82,20.5
1778176860.067225,1778176800,14:00,25,UP,0.55,45.5,25.0,0.3193,0.8403,0.0703,239.9,0.0703,239.9,0.0,0.99,0.646,0.99,0.65,resolution,0.0,0.0,0.0,45.5,0.0,0,80140.0,0.0568,True,45.5,binance_fallback,not_attempted,20.45,81.82,20.5
1778177176.4344397,1778177100,14:05,26,UP,0.55,45.5,25.0,0.2955,0.8195,0.0614,223.6,0.0614,223.6,0.0,0.99,0.5602,0.99,0.56,resolution,0.0,0.0,0.0,45.5,0.0,0,80118.43,-0.0269,False,0.0,binance_fallback,not_attempted,-25.0,-100.0,-25.0
1778177685.7903266,1778177400,14:10,27,UP,0.55,45.5,25.0,0.401,0.99,0.061,14.2,0.061,14.2,0.0,0.99,0.99,0.99,0.99,resolution,0.0,0.0,0.0,45.5,0.0,0,80159.72,0.0515,True,45.5,binance_fallback,not_attempted,20.45,81.82,20.5
1778178574.8422732,1778178300,14:25,28,DOWN,0.55,45.5,25.0,0.406,0.99,-0.0601,25.3,-0.0601,25.3,0.0,0.99,0.01,0.02,0.01,resolution,0.0,0.0,0.0,45.5,0.0,0,80126.04,-0.0896,True,45.5,binance_fallback,not_attempted,20.45,81.82,20.5
1778178660.0093355,1778178600,14:30,29,UP,0.55,45.5,25.0,0.4138,0.9388,0.0829,240.0,0.0829,240.0,0.0,0.99,0.7683,0.99,0.77,resolution,0.0,0.0,0.0,45.5,0.0,0,80183.59,0.0718,True,45.5,binance_fallback,not_attempted,20.45,81.82,20.5
1778179027.5881803,1778178900,14:35,30,UP,0.55,45.5,25.0,0.3683,0.9073,0.0602,172.4,0.0602,172.4,0.0,0.99,0.5084,0.99,0.51,resolution,0.0,0.0,0.0,45.5,0.0,0,80235.54,0.0648,True,45.5,binance_fallback,not_attempted,20.45,81.82,20.5
1778179326.7374616,1778179200,14:40,31,DOWN,0.55,45.5,25.0,0.3708,0.9108,-0.0614,173.3,-0.0614,173.3,0.0,0.9108,0.01,0.48,0.01,resolution,0.0,0.0,0.0,45.5,0.0,0,80125.99,-0.1365,True,45.5,binance_fallback,not_attempted,20.45,81.82,20.5
1778179740.4315913,1778179500,14:45,32,DOWN,0.55,45.5,25.0,0.408,0.99,-0.0673,59.6,-0.0673,59.6,0.0,0.99,0.01,0.1,0.01,resolution,0.0,0.0,0.0,45.5,0.0,0,80067.4,-0.0731,True,45.5,binance_fallback,not_attempted,20.45,81.82,20.5
1778179890.6999822,1778179800,14:50,33,DOWN,0.55,45.5,25.0,0.365,0.894,-0.0625,209.3,-0.0625,209.3,0.0,0.894,0.01,0.5,0.01,resolution,0.0,0.0,0.0,45.5,0.0,0,80113.39,0.0574,False,0.0,binance_fallback,not_attempted,-25.0,-100.0,-25.0
1778180160.0492303,1778180100,14:55,34,UP,0.55,45.5,25.0,0.452,0.99,0.1395,240.0,0.1395,240.0,0.0,0.99,0.8675,0.99,0.87,resolution,0.0,0.0,0.0,45.5,0.0,0,80200.59,0.1088,True,45.5,binance_fallback,not_attempted,20.45,81.82,20.5
1778180489.919276,1778180400,15:00,35,DOWN,0.55,45.5,25.0,0.3639,0.8929,-0.0624,210.1,-0.0624,210.1,0.0,0.8929,0.01,0.3,0.01,resolution,0.0,0.0,0.0,45.5,0.0,0,80080.83,-0.1493,True,45.5,binance_fallback,not_attempted,20.45,81.82,20.5
1778181159.0627398,1778181000,15:10,36,UP,0.55,45.5,25.0,0.3904,0.9424,0.0648,140.9,0.0648,140.9,0.0,0.99,0.7847,0.99,0.78,resolution,0.0,0.0,0.0,45.5,0.0,0,80172.4,0.0903,True,45.5,binance_fallback,not_attempted,20.45,81.82,20.5
1778181472.4891582,1778181300,15:15,37,DOWN,0.55,45.5,25.0,0.3845,0.9375,-0.06,127.5,-0.06,127.5,0.0,0.9375,0.01,0.17,0.01,resolution,0.0,0.0,0.0,45.5,0.0,0,80019.99,-0.1901,True,45.5,binance_fallback,not_attempted,20.45,81.82,20.5
1778181856.6020596,1778181600,15:20,38,DOWN,0.55,45.5,25.0,0.411,0.99,-0.06,43.4,-0.06,43.4,0.0,0.99,0.01,0.09,0.01,resolution,0.0,0.0,0.0,45.5,0.0,0,79965.84,-0.0677,True,45.5,binance_fallback,not_attempted,20.45,81.82,20.5
1778182262.726386,1778182200,15:30,39,UP,0.55,45.5,25.0,0.4036,0.9286,0.0782,237.3,0.0782,237.3,0.0,0.99,0.7326,0.99,0.73,resolution,0.0,0.0,0.0,45.5,0.0,0,80053.96,0.1017,True,45.5,binance_fallback,not_attempted,20.45,81.82,20.5
1778182649.9057188,1778182500,15:35,40,UP,0.55,45.5,25.0,0.379,0.926,0.0614,150.1,0.0614,150.1,0.0,0.99,0.7653,0.99,0.77,resolution,0.0,0.0,0.0,45.5,0.0,0,80181.78,0.1597,True,45.5,binance_fallback,not_attempted,20.45,81.82,20.5
1778183082.5470743,1778182800,15:40,41,DOWN,0.55,45.5,25.0,0.398,0.99,-0.064,17.5,-0.064,17.5,0.0,0.99,0.01,0.01,0.01,resolution,0.0,0.0,0.0,45.5,0.0,0,80129.12,-0.0657,True,45.5,binance_fallback,not_attempted,20.45,81.82,20.5
1778183460.008225,1778183400,15:50,42,UP,0.55,45.5,25.0,0.3645,0.8845,0.0643,240.0,0.0643,240.0,0.0,0.99,0.6688,0.99,0.67,resolution,0.0,0.0,0.0,45.5,0.0,0,80062.93,-0.0985,False,0.0,binance_fallback,not_attempted,-25.0,-100.0,-25.0
1778183847.661514,1778183700,15:55,43,UP,0.55,45.5,25.0,0.3964,0.9484,0.0697,152.3,0.0697,152.3,0.0,0.99,0.696,0.99,0.7,resolution,0.0,0.0,0.0,45.5,0.0,0,80144.0,0.1013,True,45.5,binance_fallback,not_attempted,20.45,81.82,20.5
1778184117.1656423,1778184000,16:00,44,UP,0.55,45.5,25.0,0.377,0.915,0.0643,182.8,0.0643,182.8,0.0,0.99,0.755,0.99,0.75,resolution,0.0,0.0,0.0,45.5,0.0,0,80260.08,0.1448,True,45.5,binance_fallback,not_attempted,20.45,81.82,20.5
1778184424.1499593,1778184300,16:05,45,DOWN,0.55,45.5,25.0,0.3864,0.9284,-0.0672,175.9,-0.0672,175.9,0.0,0.9284,0.01,0.28,0.01,resolution,0.0,0.0,0.0,45.5,0.0,0,80207.14,-0.066,True,45.5,binance_fallback,not_attempted,20.45,81.82,20.5
1778184852.6736383,1778184600,16:10,46,DOWN,0.55,45.5,25.0,0.41,0.99,-0.0625,47.3,-0.0625,47.3,0.0,0.99,0.01,0.09,0.01,resolution,0.0,0.0,0.0,45.5,0.0,0,80144.88,-0.0776,True,45.5,binance_fallback,not_attempted,20.45,81.82,20.5
1778185860.0551133,1778185800,16:30,47,DOWN,0.55,45.5,25.0,0.4102,0.9342,-0.0809,239.9,-0.0809,239.9,0.0,0.9342,0.01,0.36,0.01,resolution,0.0,0.0,0.0,45.5,0.0,0,80076.48,-0.1269,True,45.5,binance_fallback,not_attempted,20.45,81.82,20.5
1778186246.187975,1778186100,16:35,48,DOWN,0.55,45.5,25.0,0.3807,0.9267,-0.0624,153.8,-0.0624,153.8,0.0,0.9267,0.01,0.23,0.01,resolution,0.0,0.0,0.0,45.5,0.0,0,79935.84,-0.1756,True,45.5,binance_fallback,not_attempted,20.45,81.82,20.5
1778187238.5611362,1778187000,16:50,49,DOWN,0.55,45.5,25.0,0.4135,0.9865,-0.06,61.4,-0.06,61.4,0.0,0.9865,0.01,0.13,0.01,resolution,0.0,0.0,0.0,45.5,0.0,0,79946.04,-0.0692,True,45.5,binance_fallback,not_attempted,20.45,81.82,20.5
1778187456.0503213,1778187300,16:55,50,DOWN,0.55,45.5,25.0,0.384,0.934,-0.0626,144.0,-0.0626,144.0,0.0,0.934,0.01,0.23,0.01,resolution,0.0,0.0,0.0,45.5,0.0,0,79879.99,-0.0826,True,45.5,binance_fallback,not_attempted,20.45,81.82,20.5
1778187732.8721929,1778187600,17:00,51,DOWN,0.55,45.5,25.0,0.3862,0.9312,-0.0665,167.1,-0.0665,167.1,0.0,0.9312,0.01,0.31,0.01,resolution,0.0,0.0,0.0,45.5,0.0,0,79845.61,-0.043,True,45.5,binance_fallback,not_attempted,20.45,81.82,20.5
1778188016.2657394,1778187900,17:05,52,DOWN,0.55,45.5,25.0,0.3782,0.9162,-0.0648,183.7,-0.0648,183.7,0.0,0.9162,0.01,0.25,0.01,resolution,0.0,0.0,0.0,45.5,0.0,0,79672.83,-0.2164,True,45.5,binance_fallback,not_attempted,20.45,81.82,20.5
1778188291.3402395,1778188200,17:10,53,UP,0.55,45.5,25.0,0.3573,0.8863,0.062,208.7,0.062,208.7,0.0,0.99,0.7323,0.99,0.73,resolution,0.0,0.0,0.0,45.5,0.0,0,79792.7,0.1505,True,45.5,binance_fallback,not_attempted,20.45,81.82,20.5
1778188560.0660367,1778188500,17:15,54,DOWN,0.55,45.5,25.0,0.3366,0.8556,-0.0615,239.9,-0.0615,239.9,0.0,0.8556,0.01,0.49,0.01,resolution,0.0,0.0,0.0,45.5,0.0,0,79870.06,0.097,False,0.0,binance_fallback,not_attempted,-25.0,-100.0,-25.0
1778189244.2795866,1778189100,17:25,55,UP,0.55,45.5,25.0,0.3736,0.9216,0.0662,155.7,0.0662,155.7,0.0,0.99,0.7003,0.99,0.7,resolution,0.0,0.0,0.0,45.5,0.0,0,79919.7,0.0663,True,45.5,binance_fallback,not_attempted,20.45,81.82,20.5
1778190187.8976035,1778190000,17:40,56,DOWN,0.55,45.5,25.0,0.3943,0.9533,-0.062,112.1,-0.062,112.1,0.0,0.9533,0.01,0.22,0.01,resolution,0.0,0.0,0.0,45.5,0.0,0,79776.69,-0.1357,True,45.5,binance_fallback,not_attempted,20.45,81.82,20.5
1778190399.96135,1778190300,17:45,57,UP,0.55,45.5,25.0,0.3639,0.8969,0.0644,200.0,0.0644,200.0,0.0,0.99,0.7145,0.99,0.71,resolution,0.0,0.0,0.0,45.5,0.0,0,79835.78,0.0741,True,45.5,binance_fallback,not_attempted,20.45,81.82,20.5
1778190756.3551457,1778190600,17:50,58,DOWN,0.55,45.5,25.0,0.3805,0.9305,-0.0627,143.6,-0.0627,143.6,0.0,0.9305,0.01,0.31,0.01,resolution,0.0,0.0,0.0,45.5,0.0,0,79793.41,-0.0531,True,45.5,binance_fallback,not_attempted,20.45,81.82,20.5
1778191260.087914,1778191200,18:00,59,DOWN,0.55,45.5,25.0,0.3722,0.8932,-0.0687,239.9,-0.0687,239.9,0.0,0.8932,0.01,0.5,0.01,resolution,0.0,0.0,0.0,45.5,0.0,0,79698.94,-0.0452,True,45.5,binance_fallback,not_attempted,20.45,81.82,20.5
1778191560.0408454,1778191500,18:05,60,DOWN,0.55,45.5,25.0,0.4396,0.9696,-0.1033,240.0,-0.1033,240.0,0.0,0.9696,0.01,0.26,0.01,resolution,0.0,0.0,0.0,45.5,0.0,0,79658.82,-0.0503,True,45.5,binance_fallback,not_attempted,20.45,81.82,20.5
1778191884.5925207,1778191800,18:10,61,UP,0.55,45.5,25.0,0.3555,0.8815,0.0601,215.4,0.0601,215.4,0.0,0.99,0.7229,0.99,0.72,resolution,0.0,0.0,0.0,45.5,0.0,0,79816.94,0.1985,True,45.5,binance_fallback,not_attempted,20.45,81.82,20.5
1778192185.9076686,1778192100,18:15,62,UP,0.55,45.5,25.0,0.3915,0.9225,0.0721,214.1,0.0721,214.1,0.0,0.99,0.6659,0.99,0.67,resolution,0.0,0.0,0.0,45.5,0.0,0,79900.0,0.1041,True,45.5,binance_fallback,not_attempted,20.45,81.82,20.5
1778192469.5866952,1778192400,18:20,63,UP,0.55,45.5,25.0,0.3689,0.8919,0.065,230.4,0.065,230.4,0.0,0.99,0.5919,0.99,0.59,resolution,0.0,0.0,0.0,45.5,0.0,0,79947.97,0.06,True,45.5,binance_fallback,not_attempted,20.45,81.82,20.5
1778193251.7510152,1778193000,18:30,64,DOWN,0.55,45.5,25.0,0.396,0.99,-0.0741,48.4,-0.0741,48.4,0.0,0.99,0.01,0.04,0.01,resolution,0.0,0.0,0.0,45.5,0.0,0,79750.01,-0.1919,True,45.5,binance_fallback,not_attempted,20.45,81.82,20.5
1778193360.0726206,1778193300,18:35,65,UP,0.55,45.5,25.0,0.3659,0.8859,0.0647,239.9,0.0647,239.9,0.0,0.99,0.6834,0.99,0.68,resolution,0.0,0.0,0.0,45.5,0.0,0,79833.69,0.1049,True,45.5,binance_fallback,not_attempted,20.45,81.82,20.5
1778193805.9297864,1778193600,18:40,66,UP,0.55,45.5,25.0,0.4024,0.9664,0.0615,94.1,0.0615,94.1,0.0,0.9664,0.5841,0.84,0.58,resolution,0.0,0.0,0.0,45.5,0.0,0,79839.15,0.0068,True,45.5,binance_fallback,not_attempted,20.45,81.82,20.5
1778194173.126229,1778193900,18:45,67,UP,0.55,45.5,25.0,0.404,0.99,0.0622,26.9,0.0622,26.9,0.0,0.99,0.9587,0.99,0.96,resolution,0.0,0.0,0.0,45.5,0.0,0,79880.78,0.0521,True,45.5,binance_fallback,not_attempted,20.45,81.82,20.5
1778194433.3371024,1778194200,18:50,68,UP,0.55,45.5,25.0,0.4119,0.9869,0.0629,66.7,0.0629,66.7,0.0,0.99,0.8213,0.99,0.82,resolution,0.0,0.0,0.0,45.5,0.0,0,79913.99,0.0416,True,45.5,binance_fallback,not_attempted,20.45,81.82,20.5
1778195368.8054767,1778195100,19:05,69,UP,0.55,45.5,25.0,0.408,0.99,0.06,31.2,0.06,31.2,0.0,0.99,0.9399,0.99,0.94,resolution,0.0,0.0,0.0,45.5,0.0,0,80006.27,0.06,True,45.5,binance_fallback,not_attempted,20.45,81.82,20.5
1778195641.3733008,1778195400,19:10,70,DOWN,0.55,45.5,25.0,0.4112,0.9892,-0.0635,58.6,-0.0635,58.6,0.0,0.9892,0.01,0.11,0.01,resolution,0.0,0.0,0.0,45.5,0.0,0,79958.3,-0.06,True,45.5,binance_fallback,not_attempted,20.45,81.82,20.5
1778195878.7582297,1778195700,19:15,71,DOWN,0.55,45.5,25.0,0.3872,0.9422,-0.06,121.2,-0.06,121.2,0.0,0.9422,0.01,0.22,0.01,resolution,0.0,0.0,0.0,45.5,0.0,0,79871.98,-0.108,True,45.5,binance_fallback,not_attempted,20.45,81.82,20.5
1778196060.0209591,1778196000,19:20,72,UP,0.55,45.5,25.0,0.3796,0.9006,0.069,240.0,0.069,240.0,0.0,0.99,0.7398,0.99,0.74,resolution,0.0,0.0,0.0,45.5,0.0,0,79936.21,0.0804,True,45.5,binance_fallback,not_attempted,20.45,81.82,20.5
1778196476.7878196,1778196300,19:25,73,UP,0.55,45.5,25.0,0.3898,0.9448,0.0614,123.2,0.0614,123.2,0.0,0.99,0.7016,0.99,0.7,resolution,0.0,0.0,0.0,45.5,0.0,0,79958.3,0.0276,True,45.5,binance_fallback,not_attempted,20.45,81.82,20.5
1778197038.7158873,1778196900,19:35,74,UP,0.55,45.5,25.0,0.3795,0.9245,0.0632,161.3,0.0632,161.3,0.0,0.99,0.7637,0.99,0.76,resolution,0.0,0.0,0.0,45.5,0.0,0,79995.43,0.0898,True,45.5,binance_fallback,not_attempted,20.45,81.82,20.5
1778198675.849838,1778198400,20:00,75,UP,0.55,45.5,25.0,0.403,0.99,0.0619,24.2,0.0619,24.2,0.0,0.99,0.9658,0.99,0.97,resolution,0.0,0.0,0.0,45.5,0.0,0,80042.36,0.0454,True,45.5,binance_fallback,not_attempted,20.45,81.82,20.5
1778198940.895638,1778198700,20:05,76,UP,0.55,45.5,25.0,0.383,0.99,0.0908,59.1,0.0908,59.1,0.0,0.99,0.8245,0.99,0.82,resolution,0.0,0.0,0.0,45.5,0.0,0,80075.54,0.0415,True,45.5,binance_fallback,not_attempted,20.45,81.82,20.5
1778199439.1673007,1778199300,20:15,77,DOWN,0.55,45.5,25.0,0.3755,0.9195,-0.0616,160.8,-0.0616,160.8,0.0,0.9195,0.01,0.5,0.01,resolution,0.0,0.0,0.0,45.5,0.0,0,80101.14,0.0184,False,0.0,binance_fallback,not_attempted,-25.0,-100.0,-25.0
1778199660.0466557,1778199600,20:20,78,DOWN,0.55,45.5,25.0,0.3594,0.8784,-0.0626,240.0,-0.0626,240.0,0.0,0.8784,0.01,0.5,0.01,resolution,0.0,0.0,0.0,45.5,0.0,0,80131.83,0.0383,False,0.0,binance_fallback,not_attempted,-25.0,-100.0,-25.0
1778199960.0614388,1778199900,20:25,79,DOWN,0.55,45.5,25.0,0.3816,0.9026,-0.0696,239.9,-0.0696,239.9,0.0,0.9026,0.01,0.36,0.01,resolution,0.0,0.0,0.0,45.5,0.0,0,80020.63,-0.1388,True,45.5,binance_fallback,not_attempted,20.45,81.82,20.5
1778200691.5064733,1778200500,20:35,80,DOWN,0.55,45.5,25.0,0.3949,0.9539,-0.0608,108.5,-0.0608,108.5,0.0,0.9539,0.01,0.2,0.01,resolution,0.0,0.0,0.0,45.5,0.0,0,79926.17,-0.0923,True,45.5,binance_fallback,not_attempted,20.45,81.82,20.5
1778201173.2148314,1778201100,20:45,81,DOWN,0.55,45.5,25.0,0.3553,0.8783,-0.0609,226.8,-0.0609,226.8,0.0,0.8783,0.01,0.28,0.01,resolution,0.0,0.0,0.0,45.5,0.0,0,79870.71,-0.0804,True,45.5,binance_fallback,not_attempted,20.45,81.82,20.5
1778201508.243378,1778201400,20:50,82,DOWN,0.55,45.5,25.0,0.3683,0.9023,-0.0621,191.8,-0.0621,191.8,0.0,0.9023,0.01,0.26,0.01,resolution,0.0,0.0,0.0,45.5,0.0,0,79776.31,-0.1182,True,45.5,binance_fallback,not_attempted,20.45,81.82,20.5
1778201987.5539734,1778201700,20:55,83,UP,0.55,45.5,25.0,0.402,0.99,0.0602,12.4,0.0602,12.4,0.0,0.99,0.99,0.99,0.99,resolution,0.0,0.0,0.0,45.5,0.0,0,79831.99,0.0698,True,45.5,binance_fallback,not_attempted,20.45,81.82,20.5
1778202060.0183375,1778202000,21:00,84,UP,0.55,45.5,25.0,0.4015,0.9245,0.077,240.0,0.077,240.0,0.0,0.99,0.704,0.99,0.7,resolution,0.0,0.0,0.0,45.5,0.0,0,79864.76,0.041,True,45.5,binance_fallback,not_attempted,20.45,81.82,20.5
1778202423.9162562,1778202300,21:05,85,DOWN,0.55,45.5,25.0,0.3689,0.9079,-0.061,176.1,-0.061,176.1,0.0,0.9079,0.01,0.25,0.01,resolution,0.0,0.0,0.0,45.5,0.0,0,79797.69,-0.084,True,45.5,binance_fallback,not_attempted,20.45,81.82,20.5
1778202828.8274775,1778202600,21:10,86,DOWN,0.55,45.5,25.0,0.4117,0.9887,-0.0667,71.2,-0.0667,71.2,0.0,0.9887,0.01,0.13,0.01,resolution,0.0,0.0,0.0,45.5,0.0,0,79702.52,-0.1193,True,45.5,binance_fallback,not_attempted,20.45,81.82,20.5
1778202960.0577567,1778202900,21:15,87,DOWN,0.55,45.5,25.0,0.4011,0.9241,-0.0769,239.9,-0.0769,239.9,0.0,0.9241,0.01,0.46,0.01,resolution,0.0,0.0,0.0,45.5,0.0,0,79777.93,0.0946,False,0.0,binance_fallback,not_attempted,-25.0,-100.0,-25.0
1778203260.0612347,1778203200,21:20,88,DOWN,0.55,45.5,25.0,0.3632,0.8822,-0.0637,239.9,-0.0637,239.9,0.0,0.8822,0.01,0.4,0.01,resolution,0.0,0.0,0.0,45.5,0.0,0,79697.05,-0.1014,True,45.5,binance_fallback,not_attempted,20.45,81.82,20.5
1778203789.4624107,1778203500,21:25,89,UP,0.55,45.5,25.0,0.398,0.99,0.0623,10.5,0.0623,10.5,0.0,0.99,0.99,0.99,0.99,resolution,0.0,0.0,0.0,45.5,0.0,0,79748.88,0.065,True,45.5,binance_fallback,not_attempted,20.45,81.82,20.5
1778203961.0906606,1778203800,21:30,90,UP,0.55,45.5,25.0,0.3942,0.9482,0.0665,138.9,0.0665,138.9,0.0,0.99,0.7603,0.99,0.76,resolution,0.0,0.0,0.0,45.5,0.0,0,79789.99,0.0515,True,45.5,binance_fallback,not_attempted,20.45,81.82,20.5
1778204168.9420178,1778204100,21:35,91,DOWN,0.55,45.5,25.0,0.3639,0.8859,-0.0634,231.1,-0.0634,231.1,0.0,0.8859,0.0205,0.43,0.02,resolution,0.0,0.0,0.0,45.5,0.0,0,79805.04,0.0189,False,0.0,binance_fallback,not_attempted,-25.0,-100.0,-25.0
1778204819.1078763,1778204700,21:45,92,UP,0.55,45.5,25.0,0.3899,0.9319,0.0694,180.9,0.0694,180.9,0.0,0.9384,0.5002,0.94,0.5,resolution,0.0,0.0,0.0,45.5,0.0,0,79771.38,-0.0107,False,0.0,binance_fallback,not_attempted,-25.0,-100.0,-25.0
1778205689.5040972,1778205600,22:00,93,DOWN,0.55,45.5,25.0,0.3735,0.9035,-0.0654,210.5,-0.0654,210.5,0.0,0.9035,0.01,0.26,0.01,resolution,0.0,0.0,0.0,45.5,0.0,0,79628.27,-0.1401,True,45.5,binance_fallback,not_attempted,20.45,81.82,20.5
1778205986.2387307,1778205900,22:05,94,DOWN,0.55,45.5,25.0,0.3663,0.8943,-0.0633,213.8,-0.0633,213.8,0.0,0.8943,0.01,0.35,0.01,resolution,0.0,0.0,0.0,45.5,0.0,0,79581.4,-0.0589,True,45.5,binance_fallback,not_attempted,20.45,81.82,20.5
1778206307.8867657,1778206200,22:10,95,UP,0.55,45.5,25.0,0.362,0.895,0.0602,192.1,0.0602,192.1,0.0,0.99,0.7169,0.99,0.72,resolution,0.0,0.0,0.0,45.5,0.0,0,79635.05,0.0674,True,45.5,binance_fallback,not_attempted,20.45,81.82,20.5
1778206614.2881079,1778206500,22:15,96,DOWN,0.55,45.5,25.0,0.3758,0.9128,-0.0641,185.7,-0.0641,185.7,0.0,0.9128,0.01,0.25,0.01,resolution,0.0,0.0,0.0,45.5,0.0,0,79380.49,-0.3197,True,45.5,binance_fallback,not_attempted,20.45,81.82,20.5
1778206860.0685399,1778206800,22:20,97,UP,0.55,45.5,25.0,0.3848,0.9158,0.1058,239.9,0.1058,239.9,0.0,0.99,0.8379,0.99,0.84,resolution,0.0,0.0,0.0,45.5,0.0,0,79500.69,0.1514,True,45.5,binance_fallback,not_attempted,20.45,81.82,20.5
1778207540.726685,1778207400,22:30,98,UP,0.55,45.5,25.0,0.2865,0.8315,0.063,159.3,0.063,159.3,0.0,0.99,0.7646,0.99,0.76,resolution,0.0,0.0,0.0,45.5,0.0,0,79646.64,0.2026,True,45.5,binance_fallback,not_attempted,20.45,81.82,20.5
1778207767.6443307,1778207700,22:35,99,DOWN,0.55,45.5,25.0,0.2947,0.8207,-0.0781,232.4,-0.0781,232.4,0.0,0.8207,0.01,0.23,0.01,resolution,0.0,0.0,0.0,45.5,0.0,0,79536.92,-0.1378,True,45.5,binance_fallback,not_attempted,20.45,81.82,20.5
1778208367.8443935,1778208300,22:45,100,UP,0.55,45.5,25.0,0.2879,0.8139,0.0751,232.2,0.0751,232.2,0.0,0.99,0.691,0.99,0.69,resolution,0.0,0.0,0.0,45.5,0.0,0,79605.79,0.1079,True,45.5,binance_fallback,not_attempted,20.45,81.82,20.5
1778208688.8818414,1778208600,22:50,101,DOWN,0.55,45.5,25.0,0.2822,0.8132,-0.0685,211.1,-0.0685,211.1,0.0,0.8132,0.01,0.35,0.01,resolution,0.0,0.0,0.0,45.5,0.0,0,79515.97,-0.1128,True,45.5,binance_fallback,not_attempted,20.45,81.82,20.5
1778208986.164616,1778208900,22:55,102,DOWN,0.55,45.5,25.0,0.2829,0.8109,-0.065,213.8,-0.065,213.8,0.0,0.8109,0.01,0.39,0.01,resolution,0.0,0.0,0.0,45.5,0.0,0,79488.47,-0.0346,True,45.5,binance_fallback,not_attempted,20.45,81.82,20.5
1778209260.0440652,1778209200,23:00,103,DOWN,0.55,45.5,25.0,0.3417,0.8677,-0.0861,240.0,-0.0861,240.0,0.0,0.8677,0.01,0.21,0.01,resolution,0.0,0.0,0.0,45.5,0.0,0,79274.61,-0.269,True,45.5,binance_fallback,not_attempted,20.45,81.82,20.5
1778209560.0768812,1778209500,23:05,104,UP,0.55,45.5,25.0,0.3005,0.8245,0.081,239.9,0.081,239.9,0.0,0.99,0.5034,0.99,0.5,resolution,0.0,0.0,0.0,45.5,0.0,0,79356.62,0.1035,True,45.5,binance_fallback,not_attempted,20.45,81.82,20.5
1778209860.0253007,1778209800,23:10,105,UP,0.55,45.5,25.0,0.3835,0.9165,0.1177,240.0,0.1177,240.0,0.0,0.99,0.7844,0.99,0.78,resolution,0.0,0.0,0.0,45.5,0.0,0,79469.99,0.1429,True,45.5,binance_fallback,not_attempted,20.45,81.82,20.5
1778210167.0063481,1778210100,23:15,106,UP,0.55,45.5,25.0,0.2772,0.8002,0.0692,233.0,0.0692,233.0,0.0,0.99,0.7437,0.99,0.74,resolution,0.0,0.0,0.0,45.5,0.0,0,79568.07,0.1234,True,45.5,binance_fallback,not_attempted,20.45,81.82,20.5
1778210834.1880481,1778210700,23:25,107,DOWN,0.55,45.5,25.0,0.3213,0.8633,-0.062,165.8,-0.062,165.8,0.0,0.8633,0.01,0.43,0.01,resolution,0.0,0.0,0.0,45.5,0.0,0,79579.48,-0.0182,True,45.5,binance_fallback,not_attempted,20.45,81.82,20.5
1778211220.3704286,1778211000,23:30,108,UP,0.55,45.5,25.0,0.3755,0.9465,0.0633,79.6,0.0633,79.6,0.0,0.99,0.8472,0.99,0.85,resolution,0.0,0.0,0.0,45.5,0.0,0,79632.58,0.0667,True,45.5,binance_fallback,not_attempted,20.45,81.82,20.5
1778213566.333773,1778213400,00:10,1,UP,0.55,6.0,3.32,0.2478,0.8058,0.0691,133.7,0.0691,133.7,0.0,0.99,0.8058,0.99,0.81,resolution,0.0,0.0,0.0,6.0,0.0,0,79723.66,0.1013,True,6.0,binance_fallback,not_attempted,2.72,81.82,2.68
1778214826.9815524,1778214600,00:30,2,DOWN,0.55,9.1,5.0,0.4105,0.9825,-0.0624,73.0,-0.0624,73.0,0.0,0.9825,0.01,0.15,0.01,resolution,0.0,0.0,0.0,9.1,0.0,0,79657.17,-0.091,True,9.1,binance_fallback,not_attempted,4.09,81.82,4.1
1778215274.4370997,1778215200,00:40,3,DOWN,0.55,9.1,5.0,0.3554,0.8784,-0.0607,225.6,-0.0607,225.6,0.0,0.8784,0.01,0.27,0.01,resolution,0.0,0.0,0.0,9.1,0.0,0,79567.34,-0.0727,True,9.1,binance_fallback,not_attempted,4.09,81.82,4.1
1778215605.217734,1778215500,00:45,4,UP,0.55,9.1,5.0,0.3624,0.8954,0.0607,194.8,0.0607,194.8,0.0,0.99,0.6688,0.99,0.67,resolution,0.0,0.0,0.0,9.1,0.0,0,79625.01,0.0725,True,9.1,binance_fallback,not_attempted,4.09,81.82,4.1
1778216084.0159307,1778215800,00:50,5,UP,0.55,9.1,5.0,0.4,0.99,0.062,16.0,0.062,16.0,0.0,0.99,0.9876,0.99,0.99,resolution,0.0,0.0,0.0,9.1,0.0,0,79670.13,0.0567,True,9.1,binance_fallback,not_attempted,4.09,81.82,4.1
1778216655.2264478,1778216400,01:00,6,DOWN,0.55,9.1,5.0,0.405,0.99,-0.0656,44.8,-0.0656,44.8,0.0,0.99,0.01,0.36,0.01,resolution,0.0,0.0,0.0,9.1,0.0,0,79658.5,0.0041,False,0.0,binance_fallback,not_attempted,-5.0,-100.0,-5.0
1778218260.0670202,1778218200,01:30,7,UP,0.55,9.1,5.0,0.4278,0.9548,0.0909,239.9,0.0909,239.9,0.0,0.99,0.6216,0.99,0.62,resolution,0.0,0.0,0.0,9.1,0.0,0,79691.23,0.0799,True,9.1,binance_fallback,not_attempted,4.09,81.82,4.1
1778219247.7912934,1778219100,01:45,8,DOWN,0.55,9.1,5.0,0.3849,0.9329,-0.064,152.2,-0.064,152.2,0.0,0.9329,0.01,0.23,0.01,resolution,0.0,0.0,0.0,9.1,0.0,0,79687.21,-0.0812,True,9.1,binance_fallback,not_attempted,4.09,81.82,4.1
1778219921.2891717,1778219700,01:55,9,DOWN,0.55,9.1,5.0,0.4095,0.9825,-0.0648,78.7,-0.0648,78.7,0.0,0.9825,0.01,0.15,0.01,resolution,0.0,0.0,0.0,9.1,0.0,0,79600.01,-0.0947,True,9.1,binance_fallback,not_attempted,4.09,81.82,4.1
1778220060.088953,1778220000,02:00,10,DOWN,0.55,9.1,5.0,0.446,0.99,-0.1708,239.9,-0.1708,239.9,0.0,0.99,0.01,0.09,0.01,resolution,0.0,0.0,0.0,9.1,0.0,0,79536.63,-0.0796,True,9.1,binance_fallback,not_attempted,4.09,81.82,4.1
1778220360.0941768,1778220300,02:05,11,DOWN,0.55,9.1,5.0,0.3869,0.9089,-0.0716,239.9,-0.0716,239.9,0.0,0.9089,0.01,0.44,0.01,resolution,0.0,0.0,0.0,9.1,0.0,0,79513.61,-0.0289,True,9.1,binance_fallback,not_attempted,4.09,81.82,4.1
1778220761.2546732,1778220600,02:10,12,UP,0.55,9.1,5.0,0.3989,0.9549,0.0691,138.7,0.0691,138.7,0.0,0.99,0.8016,0.99,0.8,resolution,0.0,0.0,0.0,9.1,0.0,0,79603.77,0.1134,True,9.1,binance_fallback,not_attempted,4.09,81.82,4.1
1778221045.383601,1778220900,02:15,13,UP,0.55,9.1,5.0,0.3815,0.9285,0.0631,154.6,0.0631,154.6,0.0,0.99,0.624,0.99,0.62,resolution,0.0,0.0,0.0,9.1,0.0,0,79592.97,-0.0136,False,0.0,binance_fallback,not_attempted,-5.0,-100.0,-5.0
1778221937.4626694,1778221800,02:30,14,DOWN,0.55,9.1,5.0,0.3829,0.9279,-0.0645,162.5,-0.0645,162.5,0.0,0.9279,0.01,0.23,0.01,resolution,0.0,0.0,0.0,9.1,0.0,0,79471.01,-0.0953,True,9.1,binance_fallback,not_attempted,4.09,81.82,4.1
1778222160.0479364,1778222100,02:35,15,DOWN,0.55,9.1,5.0,0.3955,0.9185,-0.0748,240.0,-0.0748,240.0,0.0,0.9185,0.01,0.5,0.01,resolution,0.0,0.0,0.0,9.1,0.0,0,79552.12,0.1021,False,0.0,binance_fallback,not_attempted,-5.0,-100.0,-5.0
1778223660.1021113,1778223600,03:00,16,DOWN,0.55,9.1,5.0,0.3678,0.8878,-0.0652,239.9,-0.0652,239.9,0.0,0.8878,0.01,0.27,0.01,resolution,0.0,0.0,0.0,9.1,0.0,0,79429.54,-0.121,True,9.1,binance_fallback,not_attempted,4.09,81.82,4.1
1778223976.7033215,1778223900,03:05,17,DOWN,0.55,9.1,5.0,0.3574,0.8814,-0.0612,223.3,-0.0612,223.3,0.0,0.8814,0.01,0.28,0.01,resolution,0.0,0.0,0.0,9.1,0.0,0,79388.79,-0.0513,True,9.1,binance_fallback,not_attempted,4.09,81.82,4.1
1778224597.6565907,1778224500,03:15,18,UP,0.55,9.1,5.0,0.3697,0.9017,0.0636,202.3,0.0636,202.3,0.0,0.99,0.555,0.99,0.55,resolution,0.0,0.0,0.0,9.1,0.0,0,79339.96,0.0273,True,9.1,binance_fallback,not_attempted,4.09,81.82,4.1
1778225051.6417973,1778224800,03:20,19,DOWN,0.55,9.1,5.0,0.411,0.99,-0.0614,48.4,-0.0614,48.4,0.0,0.99,0.01,0.1,0.01,resolution,0.0,0.0,0.0,9.1,0.0,0,79280.38,-0.0751,True,9.1,binance_fallback,not_attempted,4.09,81.82,4.1
1778225379.177326,1778225100,03:25,20,UP,0.55,9.1,5.0,0.403,0.99,0.0609,20.8,0.0609,20.8,0.0,0.99,0.9733,0.99,0.97,resolution,0.0,0.0,0.0,9.1,0.0,0,79350.32,0.0882,True,9.1,binance_fallback,not_attempted,4.09,81.82,4.1
1778225460.0463197,1778225400,03:30,21,UP,0.55,9.1,5.0,0.4014,0.9244,0.077,240.0,0.077,240.0,0.0,0.99,0.7636,0.99,0.76,resolution,0.0,0.0,0.0,9.1,0.0,0,79488.84,0.1746,True,9.1,binance_fallback,not_attempted,4.09,81.82,4.1
1778225851.0109706,1778225700,03:35,22,UP,0.55,9.1,5.0,0.3775,0.9245,0.0607,149.0,0.0607,149.0,0.0,0.99,0.7638,0.99,0.76,resolution,0.0,0.0,0.0,9.1,0.0,0,79532.94,0.0555,True,9.1,binance_fallback,not_attempted,4.09,81.82,4.1
1778226103.9679275,1778226000,03:40,23,UP,0.55,9.1,5.0,0.3682,0.9012,0.0625,196.0,0.0625,196.0,0.0,0.99,0.7062,0.99,0.71,resolution,0.0,0.0,0.0,9.1,0.0,0,79580.84,0.0602,True,9.1,binance_fallback,not_attempted,4.09,81.82,4.1
1778226533.0692139,1778226300,03:45,24,UP,0.55,9.1,5.0,0.4122,0.9862,0.0625,66.9,0.0625,66.9,0.0,0.99,0.8627,0.99,0.86,resolution,0.0,0.0,0.0,9.1,0.0,0,79674.99,0.1183,True,9.1,binance_fallback,not_attempted,4.09,81.82,4.1
1778227074.3407006,1778226900,03:55,25,DOWN,0.55,9.1,5.0,0.4058,0.9698,-0.0729,125.7,-0.0729,125.7,0.0,0.9698,0.0533,0.45,0.05,resolution,0.0,0.0,0.0,9.1,0.0,0,79682.4,-0.0283,True,9.1,binance_fallback,not_attempted,4.09,81.82,4.1
1778228898.3652346,1778228700,04:25,26,UP,0.55,9.1,5.0,0.409,0.99,0.0824,101.6,0.0824,101.6,0.0,0.99,0.6591,0.98,0.66,resolution,0.0,0.0,0.0,9.1,0.0,0,79756.74,0.0219,True,9.1,binance_fallback,not_attempted,4.09,81.82,4.1
1778230065.838766,1778229900,04:45,1,UP,0.55,6.0,3.28,0.2453,0.8023,0.0682,134.4,0.0682,134.4,0.0,0.99,0.8023,0.99,0.8,resolution,0.0,0.0,0.0,6.0,0.0,0,79947.66,0.0675,True,6.0,binance_fallback,not_attempted,2.68,81.82,2.72
1778230719.56831,1778230500,04:55,2,DOWN,0.55,9.1,5.0,0.323,0.917,-0.0863,80.9,-0.0863,80.9,0.0,0.917,0.01,0.09,0.01,resolution,0.0,0.0,0.0,9.1,0.0,0,79886.01,-0.08,True,9.1,binance_fallback,not_attempted,4.09,81.82,4.1
1778231033.6181686,1778230800,05:00,3,DOWN,0.55,9.1,5.0,0.3065,0.8875,-0.0686,66.6,-0.0686,66.6,0.0,0.8875,0.01,0.11,0.01,resolution,0.0,0.0,0.0,9.1,0.0,0,79854.84,-0.039,True,9.1,binance_fallback,not_attempted,4.09,81.82,4.1
1778232579.4653673,1778232300,05:25,1,DOWN,0.68,7.0,4.76,0.2919,0.9719,-0.0604,20.9,-0.0604,20.9,0.0,0.9719,0.01,0.03,0.01,resolution,0.0,0.0,0.0,7.0,0.0,0,79905.71,-0.156,True,7.0,binance_fallback,not_attempted,2.24,47.06,2.24
1778234593.119776,1778234400,06:00,2,UP,0.51,9.0,4.59,0.485,0.99,0.1393,107.5,0.1393,107.5,0.0,0.99,0.9742,0.99,0.97,resolution,0.0,0.0,0.0,9.0,0.0,0,80019.99,0.1844,True,9.0,binance_fallback,not_attempted,4.41,96.08,4.41
1778234863.2580597,1778234700,06:05,3,DOWN,0.73,6.0,4.38,0.1737,0.9037,-0.0625,136.8,-0.0625,136.8,0.0,0.9037,0.01,0.2,0.01,resolution,0.0,0.0,0.0,6.0,0.0,0,79800.72,-0.274,True,6.0,binance_fallback,not_attempted,1.62,36.99,1.62
1778235574.042802,1778235300,06:15,4,UP,0.51,9.0,4.59,0.4849,0.9899,0.0647,26.4,0.0647,26.4,0.0,0.99,0.9672,0.99,0.97,resolution,0.0,0.0,0.0,9.0,0.0,0,79868.36,0.062,True,9.0,binance_fallback,not_attempted,4.41,96.08,4.41
1778237460.1143618,1778237400,06:50,5,UP,0.78,6.0,4.68,0.1014,0.8814,0.0874,240.0,0.0874,240.0,0.0,0.99,0.6882,0.99,0.69,resolution,0.0,0.0,0.0,6.0,0.0,0,80207.8,0.0596,True,6.0,binance_fallback,not_attempted,1.32,28.21,1.32
1778237832.3795717,1778237700,06:55,6,UP,0.68,7.0,4.76,0.2271,0.9071,0.0813,168.1,0.0813,168.1,0.0,0.9071,0.5009,0.82,0.5,resolution,0.0,0.0,0.0,7.0,0.0,0,80214.79,0.0087,True,7.0,binance_fallback,not_attempted,2.24,47.06,2.24
1778238060.1796772,1778238000,07:00,7,UP,0.82,6.0,4.92,0.0755,0.8955,0.0915,240.0,0.0915,240.0,0.0,0.99,0.5024,0.99,0.5,resolution,0.0,0.0,0.0,6.0,0.0,0,80243.49,0.0358,True,6.0,binance_fallback,not_attempted,1.08,21.95,1.08
1778238446.937004,1778238300,07:05,8,UP,0.59,8.0,4.72,0.2863,0.8763,0.0623,153.2,0.0623,153.2,0.0,0.99,0.5216,0.99,0.52,resolution,0.0,0.0,0.0,8.0,0.0,0,80213.44,-0.0374,False,0.0,binance_fallback,not_attempted,-4.72,-100.0,-4.72
1778239296.2240965,1778239200,07:20,9,UP,0.77,6.0,4.62,0.1434,0.9134,0.0674,203.9,0.0674,203.9,0.0,0.99,0.5608,0.99,0.56,resolution,0.0,0.0,0.0,6.0,0.0,0,80274.0,0.0723,True,6.0,binance_fallback,not_attempted,1.38,29.87,1.38
1778240359.058064,1778240100,07:35,10,DOWN,0.52,9.0,4.68,0.475,0.99,-0.0823,41.4,-0.0823,41.4,0.0,0.99,0.01,0.03,0.01,resolution,0.0,0.0,0.0,9.0,0.0,0,80218.03,-0.0559,True,9.0,binance_fallback,not_attempted,4.32,92.31,4.32
1778240659.6250079,1778240400,07:40,11,DOWN,0.52,9.0,4.68,0.475,0.99,-0.0848,40.8,-0.0848,40.8,0.0,0.99,0.01,0.03,0.01,resolution,0.0,0.0,0.0,9.0,0.0,0,80135.02,-0.1035,True,9.0,binance_fallback,not_attempted,4.32,92.31,4.32
1778240770.221344,1778240700,07:45,12,UP,0.8,6.0,4.8,0.074,0.874,0.0602,229.9,0.0602,229.9,0.0,0.99,0.7499,0.99,0.75,resolution,0.0,0.0,0.0,6.0,0.0,0,80229.25,0.1176,True,6.0,binance_fallback,not_attempted,1.2,25.0,1.2
1778241087.297108,1778241000,07:50,13,UP,0.84,5.0,4.2,0.0553,0.8953,0.0634,212.8,0.0634,212.8,0.0,0.99,0.5154,0.99,0.52,resolution,0.0,0.0,0.0,5.0,0.0,0,80254.52,0.0315,True,5.0,binance_fallback,not_attempted,0.8,19.05,0.8
1778241731.7171254,1778241600,08:00,14,UP,0.88,5.0,4.4,0.0618,0.9418,0.0706,168.4,0.0706,168.4,0.0,0.9418,0.5611,0.92,0.56,resolution,0.0,0.0,0.0,5.0,0.0,0,80234.17,0.0037,True,5.0,binance_fallback,not_attempted,0.6,13.64,0.6
1778242479.0190387,1778242200,08:10,15,UP,0.51,9.0,4.59,0.485,0.99,0.066,21.5,0.066,21.5,0.0,0.99,0.9817,0.99,0.98,resolution,0.0,0.0,0.0,9.0,0.0,0,80267.99,0.0946,True,9.0,binance_fallback,not_attempted,4.41,96.08,4.41
1778243460.1699975,1778243400,08:30,16,DOWN,0.83,6.0,4.98,0.16,0.99,-0.137,240.0,-0.137,240.0,0.0,0.99,0.01,0.43,0.01,resolution,0.0,0.0,0.0,6.0,0.0,0,80256.47,-0.0771,True,6.0,binance_fallback,not_attempted,1.02,20.48,1.02
1778243852.656997,1778243700,08:35,17,DOWN,0.72,6.0,4.32,0.2105,0.9305,-0.0623,147.8,-0.0623,147.8,0.0,0.9305,0.01,0.4,0.01,resolution,0.0,0.0,0.0,6.0,0.0,0,80224.55,-0.0398,True,6.0,binance_fallback,not_attempted,1.68,38.89,1.68
1778244504.1986685,1778244300,08:45,18,DOWN,0.9,5.0,4.5,0.0831,0.9831,-0.072,95.9,-0.072,95.9,0.0,0.9831,0.01,0.14,0.01,resolution,0.0,0.0,0.0,5.0,0.0,0,80086.85,-0.1726,True,5.0,binance_fallback,not_attempted,0.5,11.11,0.5
1778244660.2493887,1778244600,08:50,19,DOWN,0.82,6.0,4.92,0.0877,0.9077,-0.0712,239.9,-0.0712,239.9,0.0,0.9077,0.01,0.49,0.01,resolution,0.0,0.0,0.0,6.0,0.0,0,80116.81,0.0374,False,0.0,binance_fallback,not_attempted,-4.92,-100.0,-4.92
1778245131.245004,1778244900,08:55,20,DOWN,0.74,6.0,4.44,0.2457,0.9857,-0.0629,68.8,-0.0629,68.8,0.0,0.9857,0.01,0.14,0.01,resolution,0.0,0.0,0.0,6.0,0.0,0,80025.82,-0.1136,True,6.0,binance_fallback,not_attempted,1.56,35.14,1.56
1778245326.1660728,1778245200,09:00,21,UP,0.74,6.0,4.44,0.1964,0.9364,0.0697,173.8,0.0697,173.8,0.0,0.99,0.5421,0.99,0.54,resolution,0.0,0.0,0.0,6.0,0.0,0,80063.35,0.0469,True,6.0,binance_fallback,not_attempted,1.56,35.14,1.56
1778245560.4920819,1778245500,09:05,22,DOWN,0.73,6.0,4.38,0.1553,0.8853,-0.0645,239.6,-0.0645,239.6,0.0,0.8853,0.01,0.27,0.01,resolution,0.0,0.0,0.0,6.0,0.0,0,79907.65,-0.1945,True,6.0,binance_fallback,not_attempted,1.62,36.99,1.62
1778245956.3883104,1778245800,09:10,23,DOWN,0.67,7.0,4.69,0.2465,0.9165,-0.0602,143.7,-0.0602,143.7,0.0,0.9165,0.01,0.23,0.01,resolution,0.0,0.0,0.0,7.0,0.0,0,79692.86,-0.2688,True,7.0,binance_fallback,not_attempted,2.31,49.25,2.31
1778246160.1977139,1778246100,09:15,24,UP,0.85,5.0,4.25,0.0687,0.9187,0.1065,240.0,0.1065,240.0,0.0,0.99,0.7801,0.99,0.78,resolution,0.0,0.0,0.0,5.0,0.0,0,79760.93,0.0854,True,5.0,binance_fallback,not_attempted,0.75,17.65,0.75
1778246780.5198653,1778246700,09:25,25,DOWN,0.74,6.0,4.44,0.0879,0.8279,-0.066,219.6,-0.066,219.6,0.0,0.8279,0.01,0.23,0.01,resolution,0.0,0.0,0.0,6.0,0.0,0,79612.52,-0.157,True,6.0,binance_fallback,not_attempted,1.56,35.14,1.56
1778247076.1670837,1778247000,09:30,26,UP,0.68,7.0,4.76,0.1414,0.8214,0.0644,224.0,0.0644,224.0,0.0,0.99,0.7328,0.99,0.73,resolution,0.0,0.0,0.0,7.0,0.0,0,79787.67,0.22,True,7.0,binance_fallback,not_attempted,2.24,47.06,2.24
1778247481.9283047,1778247300,09:35,27,DOWN,0.58,8.0,4.64,0.3066,0.8866,-0.0661,118.2,-0.0661,118.2,0.0,0.8866,0.01,0.48,0.01,resolution,0.0,0.0,0.0,8.0,0.0,0,79706.73,-0.1014,True,8.0,binance_fallback,not_attempted,3.36,72.41,3.36
1778247669.2876341,1778247600,09:40,28,DOWN,0.63,7.0,4.41,0.1846,0.8146,-0.0661,230.9,-0.0661,230.9,0.0,0.8146,0.01,0.3,0.01,resolution,0.0,0.0,0.0,7.0,0.0,0,79595.75,-0.1392,True,7.0,binance_fallback,not_attempted,2.59,58.73,2.59
1778248099.2086666,1778247900,09:45,29,UP,0.71,7.0,4.97,0.2339,0.9439,0.0696,100.9,0.0696,100.9,0.0,0.99,0.6966,0.99,0.7,resolution,0.0,0.0,0.0,7.0,0.0,0,79623.14,0.0344,True,7.0,binance_fallback,not_attempted,2.03,40.85,2.03
1778248458.792486,1778248200,09:50,30,DOWN,0.83,6.0,4.98,0.1573,0.9873,-0.0655,41.2,-0.0655,41.2,0.0,0.9873,0.01,0.13,0.01,resolution,0.0,0.0,0.0,6.0,0.0,0,79583.49,-0.0498,True,6.0,binance_fallback,not_attempted,1.02,20.48,1.02
1778248863.9584413,1778248800,10:00,31,UP,0.63,7.0,4.41,0.1887,0.8187,0.0636,236.2,0.0636,236.2,0.0,0.99,0.6529,0.99,0.65,resolution,0.0,0.0,0.0,7.0,0.0,0,79834.24,0.2341,True,7.0,binance_fallback,not_attempted,2.59,58.73,2.59
1778249160.3295887,1778249100,10:05,32,UP,0.88,5.0,4.4,0.1084,0.9884,0.1671,239.9,0.1671,239.9,0.0,0.99,0.5096,0.99,0.51,resolution,0.0,0.0,0.0,5.0,0.0,0,79859.51,0.0287,True,5.0,binance_fallback,not_attempted,0.6,13.64,0.6
1778249568.9726202,1778249400,10:10,33,UP,0.75,6.0,4.5,0.1423,0.8923,0.0696,131.2,0.0696,131.2,0.0,0.99,0.6018,0.99,0.6,resolution,0.0,0.0,0.0,6.0,0.0,0,79927.33,0.0849,True,6.0,binance_fallback,not_attempted,1.5,33.33,1.5
1778249771.9618125,1778249700,10:15,34,UP,0.73,6.0,4.38,0.1983,0.9283,0.0906,228.0,0.0906,228.0,0.0,0.99,0.8076,0.99,0.81,resolution,0.0,0.0,0.0,6.0,0.0,0,80368.15,0.5515,True,6.0,binance_fallback,not_attempted,1.62,36.99,1.62
1778250135.809057,1778250000,10:20,35,DOWN,0.64,7.0,4.48,0.1689,0.8089,-0.0951,164.4,-0.0951,164.4,0.0,0.8089,0.01,0.14,0.01,resolution,0.0,0.0,0.0,7.0,0.0,0,80254.49,-0.1414,True,7.0,binance_fallback,not_attempted,2.52,56.25,2.52
1778250573.0923827,1778250300,10:25,36,DOWN,0.53,9.0,4.77,0.465,0.99,-0.1398,27.4,-0.1398,27.4,0.0,0.99,0.01,0.01,0.01,resolution,0.0,0.0,0.0,9.0,0.0,0,80073.49,-0.2255,True,9.0,binance_fallback,not_attempted,4.23,88.68,4.23
1778250660.0437489,1778250600,10:30,37,DOWN,0.89,5.0,4.45,0.1,0.99,-0.3101,240.0,-0.3101,240.0,0.0,0.99,0.01,0.44,0.01,resolution,0.0,0.0,0.0,5.0,0.0,0,80131.16,0.072,False,0.0,binance_fallback,not_attempted,-4.45,-100.0,-4.45
1778250963.524962,1778250900,10:35,38,DOWN,0.74,6.0,4.44,0.061,0.801,-0.1085,236.5,-0.1085,236.5,0.0,0.801,0.01,0.47,0.01,resolution,0.0,0.0,0.0,6.0,0.0,0,80258.46,0.1589,False,0.0,binance_fallback,not_attempted,-4.44,-100.0,-4.44
1778252368.258855,1778252100,10:55,39,DOWN,0.52,9.0,4.68,0.3902,0.9052,-0.0644,32.3,-0.0644,32.3,0.0,0.9052,0.01,0.11,0.01,resolution,0.0,0.0,0.0,9.0,0.0,0,80150.97,-0.0436,True,9.0,binance_fallback,not_attempted,4.32,92.31,4.32
1778253133.2633324,1778253000,11:10,40,DOWN,0.68,7.0,4.76,0.1279,0.8079,-0.0977,166.7,-0.0977,166.7,0.0,0.8079,0.01,0.21,0.01,resolution,0.0,0.0,0.0,7.0,0.0,0,79897.49,-0.1009,True,7.0,binance_fallback,not_attempted,2.24,47.06,2.24
1778253518.159507,1778253300,11:15,41,DOWN,0.8,6.0,4.8,0.0673,0.8673,-0.0874,81.8,-0.0874,81.8,0.0,0.8673,0.01,0.08,0.01,resolution,0.0,0.0,0.0,6.0,0.0,0,79842.48,-0.0689,True,6.0,binance_fallback,not_attempted,1.2,25.0,1.2
1778253729.9308226,1778253600,11:20,42,UP,0.79,6.0,4.74,0.0913,0.8813,0.0648,170.1,0.0648,170.1,0.0,0.99,0.5268,0.99,0.53,resolution,0.0,0.0,0.0,6.0,0.0,0,79702.66,-0.1751,False,0.0,binance_fallback,not_attempted,-4.74,-100.0,-4.74
1778253986.376255,1778253900,11:25,43,DOWN,0.61,8.0,4.88,0.2341,0.8441,-0.0644,213.6,-0.0644,213.6,0.0,0.8441,0.0697,0.46,0.07,resolution,0.0,0.0,0.0,8.0,0.0,0,79707.12,0.0056,False,0.0,binance_fallback,not_attempted,-4.88,-100.0,-4.88
1778254260.0950372,1778254200,11:30,44,DOWN,0.54,9.0,4.86,0.3275,0.8675,-0.0671,239.9,-0.0671,239.9,0.0,0.8675,0.01,0.48,0.01,resolution,0.0,0.0,0.0,9.0,0.0,0,79871.56,0.2063,False,0.0,binance_fallback,not_attempted,-4.86,-100.0,-4.86
1778254860.0291054,1778254800,11:40,45,UP,0.81,6.0,4.86,0.1074,0.9174,0.0927,240.0,0.0927,240.0,0.0,0.99,0.7748,0.99,0.77,resolution,0.0,0.0,0.0,6.0,0.0,0,79966.15,0.0795,True,6.0,binance_fallback,not_attempted,1.14,23.46,1.14
1778255273.8454225,1778255100,11:45,46,UP,0.74,6.0,4.44,0.1787,0.9187,0.0669,126.2,0.0669,126.2,0.0,0.99,0.8051,0.99,0.81,resolution,0.0,0.0,0.0,6.0,0.0,0,80069.6,0.1294,True,6.0,binance_fallback,not_attempted,1.56,35.14,1.56
1778256108.8768463,1778256000,12:00,47,DOWN,0.76,6.0,4.56,0.0976,0.8576,-0.0623,191.1,-0.0623,191.1,0.0,0.8576,0.01,0.31,0.01,resolution,0.0,0.0,0.0,6.0,0.0,0,79994.95,-0.1812,True,6.0,binance_fallback,not_attempted,1.44,31.58,1.44
1778256360.090834,1778256300,12:05,48,UP,0.56,8.0,4.48,0.3533,0.9133,0.0857,239.9,0.0857,239.9,0.0,0.9133,0.5042,0.88,0.5,resolution,0.0,0.0,0.0,8.0,0.0,0,79982.91,-0.0151,False,0.0,binance_fallback,not_attempted,-4.48,-100.0,-4.48
1778257609.2042327,1778257500,12:25,49,UP,0.78,6.0,4.68,0.0794,0.8594,0.0607,190.8,0.0607,190.8,0.0,0.99,0.5052,0.99,0.51,resolution,0.0,0.0,0.0,6.0,0.0,0,79950.0,-0.0268,False,0.0,binance_fallback,not_attempted,-4.68,-100.0,-4.68
1778257860.0712652,1778257800,12:30,50,DOWN,0.84,5.0,4.2,0.1221,0.9621,-0.1098,239.9,-0.1098,239.9,0.0,0.9621,0.01,0.19,0.01,resolution,0.0,0.0,0.0,5.0,0.0,0,79834.96,-0.1439,True,5.0,binance_fallback,not_attempted,0.8,19.05,0.8
1778258462.3096466,1778258400,12:40,51,DOWN,0.73,6.0,4.38,0.1501,0.8801,-0.0628,237.7,-0.0628,237.7,0.0,0.8801,0.1728,0.5,0.17,resolution,0.0,0.0,0.0,6.0,0.0,0,79790.0,-0.0018,True,6.0,binance_fallback,not_attempted,1.62,36.99,1.62
1778258930.9943693,1778258700,12:45,52,UP,0.88,5.0,4.4,0.1054,0.9854,0.0646,69.0,0.0646,69.0,0.0,0.9854,0.5002,0.97,0.5,resolution,0.0,0.0,0.0,5.0,0.0,0,79774.69,-0.0192,False,0.0,binance_fallback,not_attempted,-4.4,-100.0,-4.4
1778259161.130498,1778259000,12:50,53,UP,0.8,6.0,4.8,0.1388,0.9388,0.0631,138.9,0.0631,138.9,0.0,0.99,0.7801,0.99,0.78,resolution,0.0,0.0,0.0,6.0,0.0,0,79795.78,0.0264,True,6.0,binance_fallback,not_attempted,1.2,25.0,1.2
1778259440.056944,1778259300,12:55,54,UP,0.88,5.0,4.4,0.0595,0.9395,0.0679,159.9,0.0679,159.9,0.0,0.9395,0.5582,0.88,0.56,resolution,0.0,0.0,0.0,5.0,0.0,0,79802.34,0.0082,True,5.0,binance_fallback,not_attempted,0.6,13.64,0.6
1778259665.3673487,1778259600,13:00,55,UP,0.72,6.0,4.32,0.1935,0.9135,0.0723,234.6,0.0723,234.6,0.0,0.99,0.6537,0.99,0.65,resolution,0.0,0.0,0.0,6.0,0.0,0,79893.52,0.1143,True,6.0,binance_fallback,not_attempted,1.68,38.89,1.68
1778260017.9069517,1778259900,13:05,56,UP,0.79,6.0,4.74,0.1448,0.9348,0.0707,182.1,0.0707,182.1,0.0,0.99,0.5066,0.99,0.51,resolution,0.0,0.0,0.0,6.0,0.0,0,79822.31,-0.0891,False,0.0,binance_fallback,not_attempted,-4.74,-100.0,-4.74
1778260260.0290847,1778260200,13:10,57,DOWN,0.86,5.0,4.3,0.0865,0.9465,-0.0865,240.0,-0.0865,240.0,0.0,0.9465,0.01,0.5,0.01,resolution,0.0,0.0,0.0,5.0,0.0,0,79861.99,0.0497,False,0.0,binance_fallback,not_attempted,-4.3,-100.0,-4.3
1778260633.9712439,1778260500,13:15,58,UP,0.83,6.0,4.98,0.0969,0.9269,0.0649,166.0,0.0649,166.0,0.0,0.99,0.7663,0.99,0.77,resolution,0.0,0.0,0.0,6.0,0.0,0,80021.28,0.1995,True,6.0,binance_fallback,not_attempted,1.02,20.48,1.02
1778260862.0376067,1778260800,13:20,59,DOWN,0.72,6.0,4.32,0.1591,0.8791,-0.0641,238.0,-0.0641,238.0,0.0,0.8791,0.01,0.32,0.01,resolution,0.0,0.0,0.0,6.0,0.0,0,79945.46,-0.0947,True,6.0,binance_fallback,not_attempted,1.68,38.89,1.68
1778261163.5297902,1778261100,13:25,60,UP,0.67,7.0,4.69,0.216,0.886,0.065,236.5,0.065,236.5,0.0,0.99,0.5089,0.99,0.51,resolution,0.0,0.0,0.0,7.0,0.0,0,79999.76,0.0679,True,7.0,binance_fallback,not_attempted,2.31,49.25,2.31
1778261592.4219925,1778261400,13:30,61,UP,0.51,9.0,4.59,0.485,0.99,0.2641,108.1,0.2641,108.1,0.0,0.99,0.99,0.99,0.99,resolution,0.0,0.0,0.0,9.0,0.0,0,80241.2,0.3018,True,9.0,binance_fallback,not_attempted,4.41,96.08,4.41
1778261776.9043064,1778261700,13:35,62,DOWN,0.72,6.0,4.32,0.1205,0.8405,-0.0751,223.1,-0.0751,223.1,0.0,0.8405,0.01,0.27,0.01,resolution,0.0,0.0,0.0,6.0,0.0,0,80130.64,-0.1378,True,6.0,binance_fallback,not_attempted,1.68,38.89,1.68
1778262171.9023857,1778262000,13:40,63,DOWN,0.73,6.0,4.38,0.1321,0.8621,-0.0627,128.1,-0.0627,128.1,0.0,0.8621,0.2091,0.4,0.21,resolution,0.0,0.0,0.0,6.0,0.0,0,80125.63,-0.0063,True,6.0,binance_fallback,not_attempted,1.62,36.99,1.62
